כהן,0.043825914523
לוי,0.025602421708
מזרחי,0.010109533301
פרץ,0.005738276433
ביטון,0.005358167140
אברהם,0.004791437923
דהן,0.004354083255
דוד,0.003732398478
טל,0.003819411448
אזולאי,0.003819411448
מלכה,0.003691181807
גבאי,0.003540054016
כץ,0.003385491503
אוחיון,0.003577835964
עמר,0.003336260480
חדד,0.003273290567
גולן,0.002950426649
יוסף,0.002998512765
פרידמן,0.002778690523
אדרי,0.002937832667
משה,0.002973324799
מור,0.002782125246
חן,0.002824486823
בר,0.002837080806
אליהו,0.003021410915
שלום,0.002926383592
סגל,0.002312713167
אשכנזי,0.002605809489
שחר,0.002790139598
לביא,0.002497043276
אלון,0.002550853929
שמש,0.002268061774
יצחק,0.002543984484
שפירא,0.002154715931
שוורץ,0.001976110359
אוחנה,0.002201657139
צור,0.002092890925
דיין,0.002238294179
אהרון,0.001697897835
ששון,0.002075717313
וקנין,0.001928024244
חזן,0.002192497879
קליין,0.002128383058
עובדיה,0.002272641404
אטיאס,0.002217685844
שרון,0.001909705724
הראל,0.002170744636
שטרית,0.001837576551
לוין,0.001725375615
בכר,0.001990994157
וייס,0.001758577933
יצחקי,0.002013892307
מימון,0.001875358499
שרעבי,0.001780331175
יעקב,0.001914285354
מאיר,0.002067702960
עזרא,0.001863909424
נחום,0.002209671491
רז,0.001744839043
אלבז,0.001788345528
גולדשטיין,0.001748273765
אהרוני,0.001897111741
אמסלם,0.001890242296
ממן,0.001893677019
סויסה,0.001579972361
ברק,0.001471206148
הרוש,0.001664695517
סופר,0.001586841806
ברוך,0.001829562198
אסולין,0.001903981186
רחמים,0.001836431643
אורן,0.001529596431
סלע,0.001807808956
בנימין,0.001964661284
ישראלי,0.001650956627
רוזנברג,0.001653246442
גל,0.001530741339
קורן,0.001597145974
חיים,0.001845590903
סבג,0.001726520523
שטרן,0.001491814483
זיו,0.001459757073
תורג'מן,0.001436858923
פלד,0.001293745484
מועלם,0.001249094091
יחזקאל,0.001940618227
רובין,0.001329237617
ישראל,0.001348701045
שמעוני,0.001475785778
גרינברג,0.001155211676
פלג,0.001225051034
שגב,0.001395642253
לב,0.001209022329
דדון,0.001608595049
שלו,0.001262832982
זוהר,0.001294890392
אילוז,0.001379613547
קרן,0.001168950566
קדוש,0.001289165854
יפרח,0.001356715397
הרשקוביץ,0.001166660751
דניאל,0.001310919097
שמואל,0.001250238999
אסרף,0.001348701045
שמואלי,0.001286876039
מויאל,0.001384193177
דגן,0.001330382525
סולומון,0.001202152884
נגר,0.001168950566
חיון,0.001400221883
רוזן,0.001010953330
תורגמן,0.001095676485
דרור,0.001376178825
הלוי,0.001275426964
מרדכי,0.001267412612
שבתאי,0.001196428346
יהודה,0.001293745484
גולדברג,0.001203297791
ברקוביץ,0.001170095473
צרפתי,0.001314353819
שני,0.001189558901
ראובן,0.001246804276
פלדמן,0.001006373700
אברמוביץ,0.001004083885
אביטל,0.001203297791
ויצמן,0.001231920479
יעקובי,0.001131168618
רגב,0.001124299173
ברגר,0.001205587606
שדה,0.001241079739
שורץ,0.001322368172
אלפסי,0.001231920479
נסים,0.001359005212
הררי,0.001013243145
שגיא,0.001131168618
מלמד,0.001211312144
גור,0.000934244527
זקן,0.001247949184
פוקס,0.000961722307
ליבוביץ,0.000925085266
אברהמי,0.001107125560
מלול,0.001201007976
הדר,0.000951418139
ברזילי,0.000989200087
אלימלך,0.001054459815
אמיר,0.000935389434
רון,0.000959432492
שמיר,0.000903332024
ליפשיץ,0.001062474168
יונה,0.001144907508
להב,0.000978895919
צדוק,0.000968591752
פורת,0.001013243145
מנחם,0.001147197323
אביטן,0.000947983417
קפלן,0.001029271850
זמיר,0.001023547312
עטיה,0.001046445462
מיכאלי,0.000885013504
רבינוביץ,0.000907911654
שושן,0.001071633428
סלומון,0.000778537105
פרנקל,0.001118574635
שאול,0.000945693602
אופיר,0.000942258879
מנשה,0.001078502873
מאור,0.001078502873
ארז,0.001102545930
פז,0.001052170000
שקד,0.000895317671
גוטמן,0.000914781099
דקל,0.000954852862
ספיר,0.000856390816
דרעי,0.001029271850
פישר,0.000807159793
שוקרון,0.000965157029
פינטו,0.001173530196
חסון,0.000915926006
טובול,0.000905621839
חמו,0.001049880185
אביב,0.001174675103
גורן,0.000890738041
מילר,0.000846086648
פרי,0.000799145441
עוזרי,0.000999504255
אדלר,0.000937679249
רונן,0.001043010740
גיל,0.000962867214
נעים,0.000911346376
חי,0.000770522753
ניסים,0.000599931534
צברי,0.000772812568
ניר,0.000819753776
מרום,0.000914781099
אלמליח,0.000765943123
שושני,0.000920505636
אבוטבול,0.000736175528
תמיר,0.000859825538
זהבי,0.001079647780
גואטה,0.000876999151
נתן,0.000994924625
שי,0.000871274614
שטיין,0.000765943123
שכטר,0.000762508400
אשר,0.000906766746
נוימן,0.000697248672
נחמיאס,0.000980040827
אור,0.000976606104
שמעון,0.001013243145
דנינו,0.000883868596
שלמה,0.000822043591
דהאן,0.000699538487
פנחס,0.000799145441
גלעד,0.000843796833
כחלון,0.000955997769
שביט,0.000848376463
גולדמן,0.000712132470
גרוס,0.000802580163
אליאס,0.000978895919
אבני,0.000814029238
דביר,0.000752204233
סבן,0.000820898683
אוזן,0.000849521371
מזור,0.000666336170
רוזנפלד,0.000858680631
קינן,0.000960577399
משיח,0.000856390816
אלמוג,0.000868984799
אפרתי,0.000872419521
כספי,0.000767088030
שפר,0.000953707954
דורון,0.000673205615
בלום,0.000719001915
נחמני,0.000763653308
ראובני,0.000721291730
הורוביץ,0.000716712100
פאר,0.000733885713
אלקובי,0.000910201469
אסייג,0.000977751012
איתן,0.000756783863
לוגסי,0.000757928770
צמח,0.000686944505
עזר,0.000744189880
ברכה,0.000763653308
קמחי,0.000888448226
מנור,0.000667481077
קאופמן,0.000709842655
נאור,0.000699538487
אהרן,0.001067053798
בצלאל,0.000767088030
רוט,0.000795710718
ברדה,0.000729306083
סרוסי,0.000694958857
דרורי,0.000741900065
ארבל,0.000677785245
רביב,0.000748769510
כהנא,0.000654887094
גבע,0.000926230174
גונן,0.000599931534
גולדנברג,0.000611380609
טויטו,0.000792275995
מרקוביץ,0.000665191262
ארד,0.000705263025
נבון,0.000870129706
גלבוע,0.000627409314
זילברמן,0.000678930152
ארביב,0.000804869978
רוזנטל,0.000678930152
עוז,0.000825478313
קידר,0.000693813950
הלל,0.000733885713
כרמי,0.000642293112
וולף,0.000860970446
בוזגלו,0.000859825538
רובינשטיין,0.000656032002
אלוני,0.000656032002
חביב,0.000811739423
זכריה,0.000719001915
פולק,0.000590772274
נהרי,0.000775102383
מוסקוביץ,0.000660611632
שוחט,0.000712132470
סיני,0.000713277377
הופמן,0.000694958857
עמיר,0.000675495430
גרוסמן,0.000579323199
אלקיים,0.000779682013
ניסן,0.000728161175
קרני,0.000709842655
מכלוף,0.000649162557
דמרי,0.000759073678
הירש,0.000686944505
שריקי,0.000753349140
פדידה,0.000715567192
שחם,0.000601076442
רביבו,0.000816319053
עמית,0.000664046355
גמליאל,0.000765943123
חסיד,0.000719001915
אברמוב,0.000802580163
יעקבי,0.000571308846
יפת,0.000681219967
מדר,0.000621684777
חורי,0.000634278759
ליברמן,0.000518643101
זגורי,0.000760218585
בראל,0.000732740805
דותן,0.000626264407
סייג,0.000609090794
גבריאל,0.000751059325
מרגלית,0.000636568574
שרביט,0.000612525517
עיני,0.000686944505
פוגל,0.000715567192
דוידוב,0.000692669042
בוסקילה,0.000648017649
סעדון,0.000643438019
חלפון,0.000672060707
יפה,0.000549555604
פריד,0.000712132470
שובל,0.000552990326
גרשון,0.000606800979
סלמן,0.000665191262
ורדי,0.000594206996
גוטליב,0.000619394962
ענבר,0.000693813950
מנצור,0.000452238465
נוי,0.000604511164
עמרם,0.000653742187
כוכבי,0.000586192644
ויסמן,0.000491165321
שרף,0.000700683395
עובד,0.000534671806
שניידר,0.000630844037
שור,0.000625119499
עזרן,0.000725871360
שיטרית,0.000759073678
רותם,0.000532381991
גנון,0.000721291730
זינגר,0.000544975974
אבירם,0.000722436637
משולם,0.000626264407
מוזס,0.000595351904
קרמר,0.000642293112
בראון,0.000619394962
רשף,0.000696103765
הלפרין,0.000503759303
אפרים,0.000549555604
סיבוני,0.000776247290
שפיר,0.000550700511
רפאלי,0.000519788008
ביתן,0.000532381991
ינאי,0.000564439401
אמיתי,0.000551845419
אילון,0.000436209760
דויטש,0.000550700511
מעוז,0.000493455136
יוגב,0.000572453754
סער,0.000587337551
ירושלמי,0.000557569956
אסף,0.000656032002
אבידן,0.000567874124
נאמן,0.000515208378
וינר,0.000485440783
איטח,0.000787696365
מנדל,0.000516353286
איפרגן,0.000599931534
שטיינברג,0.000581613014
דניאלי,0.000697248672
גלעדי,0.000586192644
גזית,0.000540396344
נבו,0.000469412078
ימין,0.000603366257
אילן,0.000629699129
רביד,0.000541541251
מרציאנו,0.000574743569
שבת,0.000618250054
קצב,0.000614815332
יהושע,0.000666336170
אנגל,0.000452238465
בנימיני,0.000515208378
שמחי,0.000502614396
ארליך,0.000523222731
מגן,0.000510628748
אריאלי,0.000583902829
יחיא,0.000518643101
גורדון,0.000618250054
כרמל,0.000475136616
קדם,0.000536961621
סיון,0.000451093558
גרין,0.000528947268
שילה,0.000515208378
קציר,0.000538106529
ברנשטיין,0.000502614396
פחימה,0.000407587073
מורד,0.000409876888
אמויאל,0.000650307464
ישי,0.000530092176
לנקרי,0.000460252818
אליה,0.000609090794
ימיני,0.000710987562
כרמלי,0.000473991708
לזר,0.000558714864
דן,0.000708697747
שלם,0.000477426431
וינברג,0.000435064853
רפאל,0.000498034766
מאירי,0.000444224113
טולדנו,0.000508338933
עמוס,0.000559859771
טרבלסי,0.000535816714
גפן,0.000611380609
ניצן,0.000507194026
שבו,0.000572453754
פינקלשטיין,0.000548410696
יעקובוביץ,0.000480861153
מושקוביץ,0.000542686159
בוחבוט,0.000684654690
ליבנה,0.000582757921
הלר,0.000506049118
שהרבני,0.000439644483
זהר,0.000542686159
אפשטיין,0.000440789390
מיכאל,0.000551845419
רבי,0.000504904211
יאיר,0.000432775038
עטר,0.000573598661
פרל,0.000496889858
שטיינר,0.000473991708
דהרי,0.000423615778
זריהן,0.000471701893
ארזי,0.000447658835
חכמון,0.000502614396
מתתיהו,0.000530092176
נחמיה,0.000611380609
צוקרמן,0.000508338933
בניטה,0.000495744951
אמזלג,0.000449948650
מירון,0.000377819477
חיימוב,0.000528947268
אלדר,0.000503759303
זכאי,0.000414456518
לנדאו,0.000546120881
מזוז,0.000398427813
סעדה,0.000488875506
לשם,0.000475136616
ברמן,0.000457963003
רוזנבלום,0.000477426431
אלקלעי,0.000407587073
אלישע,0.000477426431
ברזני,0.000520932916
אשל,0.000381254200
סימון,0.000390413460
גלילי,0.000435064853
ירון,0.000320574102
אלטמן,0.000424760685
פרחי,0.000427050500
רם,0.000673205615
חכם,0.000485440783
שלזינגר,0.000449948650
בוקובזה,0.000480861153
רחמני,0.000400717628
קטן,0.000457963003
בוטבול,0.000546120881
בורשטיין,0.000348051882
עמיאל,0.000536961621
דוידוביץ,0.000354921327
לרנר,0.000542686159
אבישר,0.000525512546
פרנקו,0.000445369020
אבו,0.000392703275
אביטבול,0.000531237084
בראשי,0.000439644483
סבח,0.000479716246
פרטוש,0.000388123645
הורביץ,0.000478571338
דוידי,0.000501469488
כפיר,0.000411021795
אמר,0.000506049118
חממי,0.000421325963
רצון,0.000464832448
נדב,0.000515208378
יניב,0.000480861153
אריאל,0.000404152350
ברגמן,0.000436209760
פישמן,0.000414456518
אורנשטיין,0.000459107910
אייל,0.000460252818
הוד,0.000435064853
הרמן,0.000468267171
קלדרון,0.000417891240
זאבי,0.000439644483
ידיד,0.000436209760
יששכר,0.000494600043
חייט,0.000334312992
אליאב,0.000437354668
שמחון,0.000549555604
דורי,0.000507194026
איבגי,0.000518643101
אוליאל,0.000419036148
פרקש,0.000362935680
חפץ,0.000397282905
עמרני,0.000506049118
אריה,0.000388123645
הכהן,0.000546120881
גיא,0.000573598661
קאפח,0.000403007443
קדמי,0.000522077823
יהב,0.000443079205
נוה,0.000344617160
עוזיאל,0.000305690304
ציון,0.000425905593
בסון,0.000455673188
מסיקה,0.000438499575
אביבי,0.000518643101
אדר,0.000391558367
ברקאי,0.000369805125
וינשטיין,0.000282792154
איצקוביץ,0.000386978737
אפללו,0.000574743569
טייב,0.000456818095
אגמון,0.000476281523
הרפז,0.000305690304
דולב,0.000500324581
וסרמן,0.000452238465
סמואל,0.000416746333
גורביץ,0.000338892622
חיימוביץ,0.000361790772
איזנברג,0.000358356050
ברנר,0.000453383373
רוטמן,0.000409876888
יערי,0.000383544015
גבריאלי,0.000340037530
רזניק,0.000431630130
אלקבץ,0.000413311610
ברנע,0.000307980119
גליק,0.000343472252
גוזלן,0.000396137997
מלאכי,0.000488875506
חבר,0.000409876888
נוריאל,0.000421325963
דור,0.000346906975
אלעזר,0.000413311610
כדורי,0.000421325963
נפתלי,0.000527802361
אורבך,0.000384688922
לסרי,0.000448803743
דר,0.000324008824
לוריא,0.000432775038
גרנות,0.000415601425
חזות,0.000448803743
דבוש,0.000352631512
סהר,0.000361790772
שלומי,0.000348051882
טובי,0.000465977356
אלמקייס,0.000352631512
אלוש,0.000313704657
בירן,0.000451093558
ניב,0.000375529662
מלכא,0.000435064853
רווח,0.000338892622
חורש,0.000374384755
רום,0.000398427813
דגני,0.000307980119
מליחי,0.000467122263
לוזון,0.000468267171
שמאי,0.000409876888
ביבי,0.000361790772
ברנס,0.000332023177
דבש,0.000341182437
סרור,0.000389268552
קראוס,0.000278212524
בוחניק,0.000275922709
זילברשטיין,0.000333168085
דנון,0.000527802361
ארנון,0.000368660217
גרינפלד,0.000311414842
תנעמי,0.000382399107
מצליח,0.000420181055
ברוש,0.000446513928
עצמון,0.000293096322
בקר,0.000285081969
ברדוגו,0.000419036148
ארצי,0.000233561131
אלחרר,0.000416746333
גת,0.000279357432
מן,0.000350341697
רוסו,0.000456818095
צוברי,0.000296531044
מרקו,0.000332023177
נצר,0.000358356050
גיאת,0.000428195408
פרלמן,0.000318284287
ברבי,0.000420181055
רוזנבלט,0.000288516692
רוקח,0.000280502339
שניר,0.000403007443
בארי,0.000299965767
וקסלר,0.000380109292
שגיב,0.000414456518
שפיגל,0.000353776420
חסן,0.000417891240
קובי,0.000337747715
יעקובוב,0.000351486605
לאופר,0.000362935680
סעדיה,0.000317139379
ועקנין,0.000309125027
ויזל,0.000313704657
טמיר,0.000399572720
נחמן,0.000354921327
רוטנברג,0.000274777802
שיף,0.000332023177
גפני,0.000427050500
רוזנר,0.000407587073
זנו,0.000361790772
חגבי,0.000340037530
נח,0.000353776420
שרייבר,0.000438499575
נקש,0.000313704657
זילבר,0.000302255582
בלוך,0.000274777802
דמתי,0.000389268552
פנחסי,0.000291951414
אברג'ל,0.000330878269
אבן,0.000287371784
זוסמן,0.000303400489
שוהם,0.000280502339
באום,0.000327443547
ציוני,0.000298820859
רוזנבאום,0.000321719009
ברקת,0.000280502339
אפריאט,0.000383544015
עזריאל,0.000290806507
עידן,0.000403007443
גז,0.000311414842
ג'רבי,0.000345762067
שטרנברג,0.000291951414
עדן,0.000348051882
ויינר,0.000472846801
ברנד,0.000357211142
דמארי,0.000293096322
ונונו,0.000393848182
גיגי,0.000399572720
סומך,0.000390413460
תמם,0.000312559749
כרמון,0.000318284287
צבי,0.000310269934
שהם,0.000362935680
אליעזר,0.000283937062
יוספי,0.000298820859
סבאג,0.000380109292
ענתבי,0.000335457900
ברהום,0.000389268552
צדיק,0.000340037530
פורמן,0.000270198172
יעיש,0.000337747715
נזרי,0.000452238465
כלפון,0.000454528280
ואקנין,0.000329733362
אופק,0.000346906975
שר,0.000345762067
יצחקוב,0.000365225495
זלצמן,0.000259894004
רפפורט,0.000286226877
חג'בי,0.000272487987
אלגרבלי,0.000282792154
ארגמן,0.000261038911
סלם,0.000293096322
אורון,0.000295386137
שמר,0.000385833830
אבגי,0.000270198172
מדינה,0.000306835212
חובב,0.000278212524
נתנאל,0.000242720391
גלזר,0.000270198172
עסיס,0.000361790772
ברון,0.000336602807
יחזקאלי,0.000380109292
גנץ,0.000362935680
צפריר,0.000293096322
ווקנין,0.000344617160
שוקר,0.000304545397
עופר,0.000294241229
פלח,0.000298820859
אברגל,0.000335457900
דיאמנט,0.000302255582
נווה,0.000259894004
לבקוביץ,0.000293096322
אשד,0.000277067617
אייזנברג,0.000275922709
ברעם,0.000283937062
בוארון,0.000241575484
שולמן,0.000230126409
נעמן,0.000332023177
לבני,0.000281647247
מעודה,0.000390413460
פוני,0.000358356050
עמדי,0.000359500957
מימוני,0.000270198172
אונגר,0.000256459281
משעלי,0.000346906975
סודרי,0.000366370402
רומנו,0.000267908357
גושן,0.000348051882
תמרי,0.000296531044
דלאל,0.000351486605
שליט,0.000228981501
בורנשטיין,0.000262183819
פרנק,0.000261038911
אקרמן,0.000233561131
לרר,0.000218677334
ישעיהו,0.000241575484
עשור,0.000383544015
בוכריס,0.000293096322
ליאון,0.000298820859
היימן,0.000233561131
בשארי,0.000275922709
רייך,0.000218677334
עזריה,0.000259894004
שלי,0.000341182437
אברגיל,0.000310269934
סעד,0.000232416224
שרוני,0.000322863917
פלס,0.000303400489
דואק,0.000279357432
מינץ,0.000312559749
מורן,0.000366370402
שניאור,0.000287371784
לופו,0.000202648629
עוזר,0.000350341697
מנדלסון,0.000277067617
פרבר,0.000253024559
דבי,0.000539251436
ירקוני,0.000255314374
רוטשילד,0.000225546779
אהרונוב,0.000253024559
זקס,0.000225546779
יזדי,0.000279357432
גולד,0.000309125027
קליימן,0.000374384755
אפרת,0.000274777802
שרמן,0.000248444929
סיטבון,0.000287371784
לוטן,0.000211807889
אלעד,0.000281647247
חנוכה,0.000291951414
זוארץ,0.000342327345
סרי,0.000280502339
ברקו,0.000248444929
מאירוביץ,0.000306835212
קול,0.000281647247
סיטון,0.000230126409
אביעד,0.000264473634
חדאד,0.000283937062
בלאו,0.000368660217
קלימי,0.000304545397
קסלר,0.000179750478
עקיבא,0.000279357432
דרי,0.000263328726
מרקוס,0.000230126409
פסטרנק,0.000343472252
שחורי,0.000258749096
מורנו,0.000285081969
מדמון,0.000348051882
קלר,0.000317139379
זפרני,0.000353776420
חכים,0.000289661599
סולטן,0.000303400489
ויס,0.000279357432
גינת,0.000278212524
חג'ג',0.000321719009
גולדפרב,0.000256459281
מסורי,0.000265618542
רווה,0.000275922709
גביש,0.000279357432
שלג,0.000311414842
גבעון,0.000263328726
אדם,0.000240430576
שרגא,0.000285081969
עבודי,0.000263328726
בוגנים,0.000287371784
קריספין,0.000329733362
שער,0.000306835212
מלר,0.000313704657
טננבאום,0.000236995854
גינזבורג,0.000235850946
בורוכוב,0.000251879651
תם,0.000215242611
קוגן,0.000310269934
פטל,0.000404152350
אברג'יל,0.000146548161
בריל,0.000254169466
בק,0.000231271316
רייס,0.000251879651
שטראוס,0.000295386137
ולדמן,0.000211807889
הדס,0.000171736126
אלחדד,0.000254169466
הדרי,0.000183185201
קרואני,0.000253024559
אלמגור,0.000218677334
הס,0.000201503721
שריג,0.000273632894
לפידות,0.000186619923
הוכמן,0.000233561131
אסא,0.000256459281
עדני,0.000305690304
צימרמן,0.000170591218
גוילי,0.000299965767
חזיזה,0.000209518074
בלומנפלד,0.000258749096
זילברברג,0.000295386137
שחף,0.000287371784
כנען,0.000200358814
עבו,0.000306835212
יחיאל,0.000228981501
חנן,0.000322863917
עמנואל,0.000332023177
רייכמן,0.000262183819
חגי,0.000298820859
ילוז,0.000204938444
נחשון,0.000209518074
לויט,0.000233561131
אלמלח,0.000342327345
גרינשטיין,0.000195779183
בשן,0.000249589836
אטדגי,0.000198068998
שמעיה,0.000301110674
קקון,0.000294241229
מיארה,0.000271343079
גרבי,0.000247300021
ברונשטיין,0.000166011588
ירמיהו,0.000258749096
אבוקסיס,0.000174025941
סלמה,0.000321719009
גליקמן,0.000251879651
מדמוני,0.000253024559
עדי,0.000247300021
אדלשטיין,0.000222112056
שיין,0.000236995854
יצקן,0.000251879651
סולימני,0.000204938444
דואני,0.000225546779
עדרי,0.000171736126
מלצר,0.000228981501
וגנר,0.000233561131
טאוב,0.000176315756
מורג,0.000249589836
מלכי,0.000259894004
לייבוביץ,0.000256459281
שפי,0.000186619923
צורף,0.000224401871
זדה,0.000262183819
ברמי,0.000265618542
בלולו,0.000277067617
הללי,0.000230126409
דדוש,0.000232416224
פנחסוב,0.000296531044
טוביה,0.000203793536
אטיה,0.000230126409
כליף,0.000222112056
בנאי,0.000225546779
טלקר,0.000262183819
יוחנן,0.000273632894
מידן,0.000219822241
אזרד,0.000242720391
מרק,0.000194634276
פרטוק,0.000321719009
טביב,0.000191199553
נקר,0.000176315756
עבאדי,0.000265618542
זרביב,0.000415601425
עומר,0.000230126409
טבול,0.000289661599
שורק,0.000168301403
לפיד,0.000216387519
קריאף,0.000206083351
עופרי,0.000190054646
פסח,0.000269053264
מרסיאנו,0.000285081969
טסלר,0.000163721773
שקורי,0.000203793536
פרידלנדר,0.000209518074
שפיצר,0.000178605571
חנניה,0.000219822241
סולימן,0.000191199553
לדרמן,0.000269053264
זגדון,0.000245010206
עציון,0.000240430576
סיסו,0.000208373166
ללוש,0.000174025941
ינקו,0.000218677334
רופא,0.000232416224
נידם,0.000238140761
צוקר,0.000289661599
הרצוג,0.000194634276
לגזיאל,0.000183185201
ישר,0.000377819477
לניאדו,0.000230126409
ברקן,0.000171736126
גנור,0.000219822241
הולנדר,0.000210662981
שלוש,0.000209518074
הרשקו,0.000204938444
הכט,0.000177460663
ארבלי,0.000220967149
סדן,0.000146548161
שריד,0.000269053264
וילנר,0.000280502339
גרובר,0.000201503721
הולצמן,0.000204938444
גרינבוים,0.000296531044
תבור,0.000203793536
עמירה,0.000168301403
גרשוני,0.000250734744
טפירו,0.000262183819
ריבלין,0.000157997236
דוידיאן,0.000194634276
דסה,0.000175170848
הבר,0.000224401871
אהרונוביץ,0.000184330108
וינברגר,0.000255314374
רוטשטיין,0.000210662981
פיין,0.000182040293
בלס,0.000246155114
עדיקה,0.000267908357
חפצדי,0.000277067617
שבח,0.000228981501
פורטל,0.000247300021
מורלי,0.000192344461
פרג,0.000249589836
בוהדנה,0.000219822241
שמילוביץ,0.000265618542
ורד,0.000243865299
וידר,0.000234706039
עטייה,0.000265618542
שוסטר,0.000208373166
הרץ,0.000191199553
דאר,0.000200358814
אלטר,0.000212952796
בטיטו,0.000256459281
לבנון,0.000143113438
חנוך,0.000293096322
ברוק,0.000248444929
חברוני,0.000228981501
אדרעי,0.000182040293
בדש,0.000264473634
ויינשטיין,0.000251879651
דאבוש,0.000203793536
גלר,0.000187764831
לאור,0.000154562513
נשיא,0.000228981501
אושרי,0.000210662981
גול,0.000215242611
גילה,0.000287371784
ניסני,0.000232416224
אבוחצירה,0.000168301403
מילוא,0.000178605571
רענן,0.000272487987
פדלון,0.000212952796
פתאל,0.000226691686
סיאני,0.000246155114
טולדו,0.000215242611
פארן,0.000178605571
גדסי,0.000167156496
גרינולד,0.000222112056
אשרי,0.000182040293
אלתר,0.000164866681
אללוף,0.000182040293
קלמן,0.000152272698
טויזר,0.000288516692
פיטוסי,0.000249589836
טהר,0.000167156496
מזר,0.000155707421
חלבי,0.000138533808
זר,0.000225546779
אלול,0.000191199553
רבין,0.000193489368
וינטר,0.000215242611
סידי,0.000127084733
קופר,0.000185475016
בניסטי,0.000188909738
ואנונו,0.000299965767
נדלר,0.000210662981
סיידוף,0.000215242611
תשובה,0.000198068998
בובליל,0.000153417606
אלפי,0.000257604189
זיידמן,0.000176315756
טלמור,0.000171736126
פלוס,0.000193489368
פרוינד,0.000190054646
קנטור,0.000145403253
לוינשטיין,0.000177460663
מורגנשטרן,0.000247300021
הינדי,0.000177460663
זלצר,0.000215242611
וייסמן,0.000167156496
חזי,0.000273632894
קשת,0.000160287051
אליצור,0.000209518074
אגם,0.000201503721
יוסופוב,0.000170591218
צח,0.000257604189
דובדבני,0.000130519455
בלומנטל,0.000246155114
טנא,0.000154562513
טיבי,0.000230126409
דנן,0.000285081969
קופרמן,0.000161431958
שאולי,0.000228981501
קהלני,0.000186619923
שקולניק,0.000190054646
חסין,0.000269053264
זיסמן,0.000187764831
בכור,0.000162576866
בדיחי,0.000193489368
מחלב,0.000174025941
אלי,0.000227836594
מילשטיין,0.000122505103
יהוד,0.000216387519
אלהרר,0.000210662981
בבלי,0.000182040293
אנג'ל,0.000133954178
גרינבאום,0.000200358814
רוזנצויג,0.000164866681
בהט,0.000143113438
איל,0.000157997236
ספקטור,0.000238140761
עברי,0.000187764831
גולדברגר,0.000177460663
וקסמן,0.000210662981
דנציגר,0.000145403253
וינטראוב,0.000133954178
ניימן,0.000151127791
פרגון,0.000182040293
גרפי,0.000160287051
נתיב,0.000236995854
אדלמן,0.000203793536
איילון,0.000139678716
גילת,0.000128229640
גויטע,0.000154562513
קוטלר,0.000233561131
אבקסיס,0.000295386137
שריר,0.000156852328
חורב,0.000251879651
אבייב,0.000183185201
שאשא,0.000186619923
דינר,0.000140823623
סינואני,0.000218677334
חבושה,0.000191199553
כליפה,0.000175170848
הורן,0.000192344461
שאלתיאל,0.000187764831
זזון,0.000231271316
כפרי,0.000148837976
אורגד,0.000122505103
מנסור,0.000222112056
לחיאני,0.000192344461
חבה,0.000183185201
גרבר,0.000240430576
חוגי,0.000130519455
טפר,0.000179750478
עשת,0.000163721773
וינשטוק,0.000135099086
זומר,0.000187764831
אזרזר,0.000207228259
רן,0.000161431958
צדקה,0.000159142143
בנישו,0.000161431958
אבידר,0.000163721773
קדר,0.000179750478
זבולון,0.000172881033
ברוכי,0.000145403253
גולני,0.000160287051
ונטורה,0.000145403253
שיר,0.000186619923
תמר,0.000235850946
אוזנה,0.000184330108
גורפינקל,0.000139678716
חרמון,0.000215242611
חודדה,0.000172881033
לויתן,0.000123650010
עמרן,0.000168301403
תלמי,0.000179750478
מונסונגו,0.000206083351
אלטשולר,0.000188909738
ליאור,0.000136243993
ליטמן,0.000208373166
הניג,0.000194634276
שוורצמן,0.000153417606
רמון,0.000156852328
שרם,0.000228981501
מורי,0.000153417606
פורר,0.000240430576
שינדלר,0.000176315756
תומר,0.000222112056
הלמן,0.000187764831
סביון,0.000183185201
דרוקר,0.000133954178
רימון,0.000129374548
ירדן,0.000222112056
קדרון,0.000183185201
תייר,0.000230126409
חוג'ה,0.000190054646
זיגדון,0.000115635658
פרס,0.000176315756
אגמי,0.000154562513
פומרנץ,0.000176315756
טופז,0.000146548161
שפריר,0.000120215288
תירוש,0.000127084733
בקשי,0.000179750478
פנקר,0.000208373166
שמחה,0.000140823623
חליוה,0.000223256964
פרדו,0.000218677334
קמר,0.000171736126
דוידסון,0.000157997236
שמלה,0.000159142143
זיני,0.000180895386
אחרק,0.000250734744
בראונשטיין,0.000281647247
צוריאל,0.000203793536
סלמון,0.000176315756
קויפמן,0.000149982883
מעלם,0.000254169466
זק,0.000148837976
קיסר,0.000206083351
מילמן,0.000151127791
שץ,0.000194634276
פנירי,0.000192344461
יונס,0.000104186583
נורי,0.000230126409
אפק,0.000148837976
ורסנו,0.000190054646
אבידני,0.000193489368
אחדות,0.000201503721
שנער,0.000140823623
פרג',0.000153417606
יהודאי,0.000186619923
אפל,0.000191199553
צאיג,0.000159142143
לזרוביץ,0.000167156496
מוכתר,0.000207228259
שפרן,0.000210662981
חגג,0.000133954178
ברזלי,0.000141968531
ברוכים,0.000241575484
נשר,0.000215242611
עוקשי,0.000157997236
סעדו,0.000257604189
קורץ,0.000263328726
פריימן,0.000174025941
ישורון,0.000178605571
המאירי,0.000140823623
תורן,0.000184330108
הימן,0.000139678716
המר,0.000138533808
בוכניק,0.000153417606
יגר,0.000200358814
לוינגר,0.000211807889
לין,0.000121360195
לוינסון,0.000159142143
צוק,0.000154562513
ניניו,0.000171736126
סאסי,0.000161431958
לחמי,0.000138533808
אלבו,0.000182040293
יקיר,0.000160287051
סעיד,0.000163721773
משען,0.000137388901
שחרור,0.000128229640
יקותיאל,0.000175170848
פסו,0.000115635658
אהרונסון,0.000156852328
ליכטנשטיין,0.000137388901
זרגרי,0.000188909738
וענונו,0.000182040293
אראל,0.000326298639
ויזמן,0.000183185201
צרור,0.000216387519
יובל,0.000128229640
מנדלוביץ,0.000161431958
עבוד,0.000209518074
אזרן,0.000143113438
עינב,0.000198068998
עמיחי,0.000140823623
מורדוך,0.000149982883
בירנבוים,0.000164866681
אלאלוף,0.000166011588
פרימן,0.000174025941
רובינוב,0.000190054646
בן,0.000131664363
טננבוים,0.000130519455
ברששת,0.000135099086
שושנה,0.000157997236
קופמן,0.000124794918
חלימי,0.000124794918
והב,0.000123650010
מלחי,0.000287371784
אנקרי,0.000170591218
נמני,0.000138533808
ורון,0.000124794918
אטינגר,0.000145403253
אורי,0.000232416224
חמד,0.000163721773
קסטרו,0.000155707421
פרג'ון,0.000141968531
קונפורטי,0.000155707421
ליאני,0.000117925473
גולומב,0.000144258346
חיות,0.000146548161
שטיינמץ,0.000111056028
קדמון,0.000097317138
גרינבלט,0.000202648629
דנה,0.000132809271
זינו,0.000155707421
גנות,0.000124794918
אלה,0.000127084733
שקדי,0.000149982883
איסקוב,0.000166011588
אלקסלסי,0.000139678716
אדמוני,0.000139678716
דידי,0.000245010206
ישועה,0.000177460663
צבר,0.000162576866
אלכסנדר,0.000121360195
יהלום,0.000232416224
רויטמן,0.000104186583
רוס,0.000179750478
סטרול,0.000122505103
רמות,0.000123650010
אלביליה,0.000157997236
אבוקרט,0.000177460663
ערוסי,0.000159142143
ביטן,0.000216387519
נסימי,0.000157997236
און,0.000199213906
ברין,0.000195779183
עודד,0.000136243993
רואש,0.000153417606
האס,0.000176315756
מימרן,0.000162576866
פור,0.000136243993
אלירז,0.000200358814
קסלסי,0.000184330108
לרמן,0.000159142143
שיפמן,0.000175170848
אסלן,0.000132809271
סאלם,0.000113345843
טוקר,0.000092737508
אלבוחר,0.000177460663
ואזנה,0.000214097704
שנקר,0.000130519455
פינק,0.000127084733
אקשטיין,0.000127084733
אבלס,0.000201503721
קנר,0.000127084733
שומר,0.000132809271
עבדי,0.000129374548
טוויל,0.000155707421
להמן,0.000157997236
ביבס,0.000138533808
אבידור,0.000159142143
שרגאי,0.000161431958
גדעוני,0.000122505103
וייל,0.000179750478
לוסטיג,0.000101896768
חבשוש,0.000152272698
שדמי,0.000180895386
גרימברג,0.000099606953
גלבר,0.000152272698
זאדה,0.000139678716
ברטוב,0.000192344461
רוה,0.000129374548
גרמה,0.000191199553
צפניה,0.000248444929
דסקל,0.000141968531
דבח,0.000133954178
טורגמן,0.000156852328
גרון,0.000149982883
ברג,0.000132809271
ירדני,0.000177460663
רוזנשטיין,0.000148837976
מוצפי,0.000136243993
אילני,0.000162576866
מגידיש,0.000125939825
הרמתי,0.000123650010
פליישר,0.000092737508
חולי,0.000121360195
דודיאן,0.000230126409
ברט,0.000119070380
נרקיס,0.000184330108
קריב,0.000100751860
רמתי,0.000139678716
אבישי,0.000109911120
זלמנוביץ,0.000130519455
חפר,0.000170591218
אקוע,0.000220967149
מיכאלוב,0.000127084733
קושניר,0.000194634276
נגאר,0.000145403253
קנפו,0.000227836594
נקי,0.000170591218
פיש,0.000144258346
גורי,0.000174025941
דרויש,0.000148837976
סמרה,0.000217532426
יחיאלי,0.000171736126
ירום,0.000199213906
אגוזי,0.000128229640
גאון,0.000210662981
שמע,0.000192344461
בלו,0.000129374548
קניג,0.000145403253
עוקבי,0.000120215288
וייצמן,0.000135099086
כלב,0.000109911120
אגסי,0.000156852328
נועם,0.000200358814
שנהב,0.000119070380
רוימי,0.000163721773
קרסנטי,0.000231271316
דבורה,0.000171736126
קלה,0.000225546779
אוסטר,0.000188909738
קמינסקי,0.000108766213
מני,0.000103041675
גריידי,0.000090447693
צעירי,0.000153417606
רוזנבוים,0.000099606953
קאהן,0.000145403253
מהצרי,0.000116780565
סנדלר,0.000159142143
אדטו,0.000100751860
שמול,0.000137388901
לוסקי,0.000101896768
הומינר,0.000138533808
ראש,0.000170591218
סביר,0.000136243993
טורג'מן,0.000167156496
כנפו,0.000164866681
פרוכטר,0.000114490750
ניאזוב,0.000152272698
שלומוב,0.000145403253
אבשלום,0.000191199553
לבון,0.000127084733
ליס,0.000148837976
חרזי,0.000156852328
וידל,0.000171736126
יהושוע,0.000125939825
ארן,0.000166011588
שלף,0.000122505103
וולך,0.000187764831
שלומוביץ,0.000112200935
שטרק,0.000169446311
ניסנוב,0.000123650010
מוסרי,0.000109911120
פינס,0.000111056028
מתנה,0.000136243993
הרן,0.000143113438
שבי,0.000141968531
חדידה,0.000123650010
גולדין,0.000140823623
בנבנישתי,0.000167156496
הוכברג,0.000114490750
רומי,0.000171736126
שילוני,0.000111056028
זלוטניק,0.000148837976
אוקנין,0.000169446311
אושר,0.000161431958
בושרי,0.000177460663
מיוחס,0.000194634276
בביוף,0.000113345843
גמזו,0.000179750478
ברש,0.000129374548
ארמה,0.000151127791
שמולביץ,0.000164866681
דינור,0.000089302785
קוממי,0.000104186583
ולר,0.000149982883
פרלמוטר,0.000148837976
מטלון,0.000114490750
שמשון,0.000161431958
רוטר,0.000089302785
מעתוק,0.000239285669
ארגוב,0.000095027323
רוזנצוייג,0.000117925473
חוברה,0.000130519455
שניצר,0.000217532426
נפש,0.000159142143
פיינברג,0.000114490750
גביזון,0.000113345843
בסן,0.000190054646
זית,0.000124794918
ושדי,0.000125939825
נוסבאום,0.000115635658
מרכוס,0.000130519455
ברונר,0.000154562513
זילכה,0.000129374548
מעטוף,0.000166011588
אביגדור,0.000123650010
וולפסון,0.000112200935
אשורי,0.000100751860
עברון,0.000121360195
לקס,0.000164866681
אשתר,0.000082433340
אגאי,0.000149982883
שוב,0.000132809271
אליעז,0.000083578248
צלח,0.000108766213
גולדשמידט,0.000114490750
חדש,0.000180895386
שבירו,0.000116780565
שילו,0.000171736126
יקותיאלי,0.000138533808
רפופורט,0.000146548161
גדליהו,0.000139678716
חזקיה,0.000106476398
זעירא,0.000159142143
רטנר,0.000121360195
ובר,0.000139678716
חוגה,0.000076708803
ביסמוט,0.000152272698
ניזרי,0.000119070380
ארוך,0.000141968531
פיק,0.000129374548
יריב,0.000096172230
בלנק,0.000182040293
רוזיליו,0.000156852328
פנקס,0.000092737508
סגרון,0.000115635658
לאון,0.000217532426
מינס,0.000156852328
שמילה,0.000128229640
וינגרטן,0.000128229640
צורי,0.000156852328
מרון,0.000099606953
רביע,0.000100751860
רוח,0.000155707421
גלנטי,0.000108766213
טרם,0.000146548161
בטאט,0.000103041675
זמל,0.000127084733
רוזין,0.000087012970
מרגי,0.000100751860
מנצורי,0.000168301403
אברבנאל,0.000144258346
מלכיאל,0.000089302785
טויל,0.000145403253
איזק,0.000080143525
שאער,0.000098462045
יתח,0.000109911120
פיניאן,0.000177460663
קריגר,0.000104186583
חניה,0.000144258346
גוטרמן,0.000107621305
אשואל,0.000147693068
רצאבי,0.000141968531
זנזורי,0.000156852328
אמינוב,0.000148837976
ענבי,0.000105331490
בכרך,0.000162576866
שמריהו,0.000101896768
זלינגר,0.000101896768
אלזם,0.000168301403
ג'אן,0.000122505103
מעין,0.000135099086
שטינברג,0.000211807889
עמאר,0.000104186583
פליישמן,0.000130519455
פינצי,0.000101896768
משרקי,0.000146548161
ינון,0.000239285669
קרפ,0.000108766213
ריינר,0.000168301403
בינדר,0.000191199553
ינקוביץ,0.000073274080
מוסאי,0.000133954178
לנדסמן,0.000112200935
יונסי,0.000206083351
חלמיש,0.000195779183
שינה,0.000068694450
שיבר,0.000087012970
בונה,0.000085868063
גבעוני,0.000103041675
יעקובסון,0.000105331490
לוק,0.000133954178
דחליקה,0.000125939825
אלמקיאס,0.000169446311
אשבל,0.000112200935
גולדשטין,0.000123650010
סמו,0.000104186583
אמור,0.000195779183
בוקריס,0.000112200935
בורשטין,0.000178605571
ברזל,0.000111056028
אבינועם,0.000105331490
אייזיק,0.000099606953
ברנט,0.000099606953
בוצר,0.000074418988
דנגור,0.000163721773
חתוכה,0.000168301403
פרנס,0.000096172230
צדקיהו,0.000170591218
גרינוולד,0.000115635658
ארונוב,0.000149982883
ממו,0.000144258346
אלמלם,0.000119070380
בירגר,0.000152272698
מושייב,0.000144258346
בלדב,0.000104186583
עפרון,0.000125939825
חייק,0.000167156496
ויסברג,0.000106476398
פריאל,0.000172881033
טוויג,0.000121360195
מגד,0.000117925473
שחאדה,0.000070984265
אייזן,0.000097317138
שחור,0.000132809271
מישייב,0.000116780565
אחיטוב,0.000108766213
פפר,0.000103041675
מגל,0.000122505103
צפורי,0.000245010206
יונגר,0.000098462045
גדרון,0.000139678716
לנג,0.000209518074
רייטר,0.000091592600
זיתוני,0.000117925473
זערור,0.000133954178
טרי,0.000096172230
מעיין,0.000090447693
בועז,0.000098462045
גנדלמן,0.000121360195
עזורי,0.000109911120
סנדר,0.000111056028
זנטי,0.000168301403
רכס,0.000091592600
גולוב,0.000130519455
טאובר,0.000143113438
פירסט,0.000160287051
חצרוני,0.000109911120
שאבי,0.000091592600
אבנרי,0.000106476398
אברמזון,0.000143113438
אלמקיס,0.000166011588
חמדי,0.000092737508
אביסרור,0.000144258346
זעפרני,0.000186619923
אשרף,0.000106476398
גרטי,0.000136243993
רחימי,0.000137388901
אבוחצירא,0.000108766213
חשאי,0.000100751860
פינקל,0.000093882415
קריסטל,0.000092737508
פורן,0.000092737508
אלמלך,0.000179750478
גלוזמן,0.000099606953
דלל,0.000096172230
קליינמן,0.000136243993
מנוס,0.000093882415
תגר,0.000107621305
ערבה,0.000105331490
אמון,0.000160287051
דודאי,0.000141968531
בנדל,0.000113345843
חרמוני,0.000067549543
חזון,0.000138533808
גניש,0.000127084733
שעשוע,0.000103041675
קוריאט,0.000187764831
שועה,0.000119070380
אלדד,0.000090447693
הובר,0.000136243993
דודי,0.000202648629
קירשנר,0.000130519455
מחלוף,0.000128229640
חלה,0.000147693068
תוהמי,0.000117925473
מלאך,0.000174025941
פייביש,0.000082433340
גופר,0.000141968531
קרול,0.000123650010
זועבי,0.000060680097
אידלמן,0.000113345843
גבריאלוב,0.000192344461
עוקב,0.000184330108
ארדיטי,0.000092737508
קורין,0.000109911120
אברמסון,0.000120215288
שמחוני,0.000077853710
שרפי,0.000116780565
פילוסוף,0.000103041675
פילו,0.000125939825
מאושר,0.000125939825
מבורך,0.000137388901
קטלן,0.000092737508
סממה,0.000143113438
פריש,0.000123650010
אביקסיס,0.000174025941
אלפנדרי,0.000112200935
דפנה,0.000121360195
קליינר,0.000188909738
קוזוקרו,0.000109911120
לנגר,0.000109911120
פארי,0.000131664363
קבסה,0.000156852328
שטיינפלד,0.000125939825
וינטרוב,0.000103041675
שירזי,0.000103041675
קורקוס,0.000149982883
חוטר,0.000115635658
סוויסה,0.000139678716
שלמון,0.000139678716
עייש,0.000156852328
אליאסי,0.000303400489
סבו,0.000119070380
שיאון,0.000148837976
גרמן,0.000087012970
חסידים,0.000081288433
מהרט,0.000109911120
בוני,0.000130519455
מדהלה,0.000129374548
חיו,0.000093882415
מרשה,0.000159142143
חקק,0.000139678716
בהר,0.000135099086
פרנסה,0.000124794918
אלחיאני,0.000090447693
שלגי,0.000070984265
סובל,0.000070984265
זקין,0.000090447693
צרויה,0.000152272698
גלברט,0.000132809271
חתן,0.000087012970
גרידי,0.000098462045
ריבק,0.000084723155
מוגרבי,0.000091592600
כלף,0.000103041675
חלק,0.000133954178
דעבול,0.000115635658
בוקר,0.000117925473
לייבה,0.000092737508
רהב,0.000120215288
מירו,0.000091592600
שמידט,0.000084723155
סלוק,0.000107621305
יפתח,0.000155707421
חטב,0.000117925473
בונן,0.000101896768
פרח,0.000073274080
מצא,0.000119070380
בסט,0.000119070380
כסיף,0.000096172230
קרת,0.000100751860
אשור,0.000180895386
מרוז,0.000068694450
משעל,0.000105331490
סובול,0.000083578248
טולידנו,0.000111056028
טלר,0.000087012970
קסטל,0.000141968531
עגמי,0.000123650010
אדמון,0.000145403253
אמסילי,0.000139678716
אלגריסי,0.000075563895
פישלר,0.000096172230
קנדל,0.000129374548
חזוט,0.000082433340
גרינשפן,0.000097317138
תדמור,0.000115635658
ברלין,0.000105331490
בורג,0.000114490750
מולכו,0.000112200935
טיירי,0.000083578248
ג'ינו,0.000135099086
חיימי,0.000114490750
חבקין,0.000121360195
פדר,0.000091592600
ידעי,0.000208373166
עזאני,0.000146548161
פריינטה,0.000084723155
ספיבק,0.000124794918
בנימינוב,0.000114490750
בראנץ,0.000140823623
יוחאי,0.000116780565
ברוורמן,0.000106476398
אלישר,0.000143113438
תירם,0.000157997236
קרקו,0.000106476398
פרייס,0.000098462045
לימור,0.000064114820
זכות,0.000147693068
הלפרן,0.000133954178
יוניוב,0.000163721773
אליאסיאן,0.000132809271
יגודייב,0.000081288433
סיוון,0.000077853710
סדון,0.000129374548
אלישיב,0.000082433340
שירי,0.000123650010
דרוקמן,0.000115635658
אבנר,0.000199213906
גרניט,0.000111056028
אליאש,0.000097317138
בנעים,0.000136243993
מובשוביץ,0.000106476398
גלמן,0.000097317138
חביבי,0.000076708803
פימה,0.000108766213
טלבי,0.000093882415
גטניו,0.000114490750
זרחיה,0.000075563895
והבה,0.000109911120
פרישמן,0.000109911120
טטרו,0.000103041675
המבורגר,0.000077853710
דומב,0.000119070380
חסקל,0.000064114820
קוגמן,0.000076708803
יופה,0.000113345843
מרגולין,0.000103041675
חרלפ,0.000097317138
בללי,0.000105331490
שיליאן,0.000148837976
צביאלי,0.000129374548
ורנר,0.000080143525
טישלר,0.000105331490
קורמן,0.000088157878
קרדי,0.000112200935
יגל,0.000132809271
סרויה,0.000112200935
שפירו,0.000093882415
טחן,0.000182040293
חטיב,0.000052665745
אלקוצר,0.000139678716
קופל,0.000116780565
אוהד,0.000064114820
קרויטורו,0.000076708803
שחק,0.000092737508
אסל,0.000099606953
אפלבאום,0.000095027323
אטון,0.000085868063
זייד,0.000145403253
עמוסי,0.000104186583
סיגל,0.000135099086
יקר,0.000060680097
עבאס,0.000067549543
רוזנצוויג,0.000099606953
ולד,0.000059535190
דנוך,0.000084723155
שטינמץ,0.000122505103
עגיב,0.000117925473
סחייק,0.000090447693
חלילי,0.000093882415
ילון,0.000092737508
קייקוב,0.000112200935
אלוף,0.000100751860
שפילמן,0.000141968531
קבלו,0.000167156496
כהני,0.000092737508
כוכב,0.000141968531
פסקל,0.000124794918
פרלשטיין,0.000108766213
ליכטמן,0.000099606953
ממון,0.000136243993
נהון,0.000112200935
קניאס,0.000114490750
טואיטו,0.000114490750
זליקוביץ,0.000105331490
קרוב,0.000097317138
דדו,0.000099606953
רזון,0.000098462045
בריגה,0.000123650010
סופיר,0.000116780565
קלמנוביץ,0.000113345843
עבד,0.000068694450
נחמה,0.000092737508
מייזל,0.000119070380
פלק,0.000088157878
אביר,0.000089302785
לירון,0.000065259727
יגן,0.000180895386
מרגוליס,0.000093882415
בוסי,0.000092737508
עוזירי,0.000224401871
סודאי,0.000100751860
לייב,0.000066404635
פיינשטיין,0.000103041675
חליבה,0.000174025941
וינקלר,0.000100751860
ישראילוב,0.000144258346
סידס,0.000127084733
בביאן,0.000061825005
הירשפלד,0.000087012970
בקרמן,0.000082433340
אסור,0.000072129173
פלר,0.000095027323
קליגר,0.000083578248
קויתי,0.000096172230
ברזאני,0.000119070380
נודלמן,0.000078998618
זאב,0.000081288433
אבנעים,0.000108766213
בהלול,0.000077853710
ברמלי,0.000143113438
בירון,0.000120215288
דשא,0.000139678716
יחיה,0.000089302785
עשהאל,0.000112200935
מארק,0.000138533808
גבעתי,0.000116780565
הריס,0.000120215288
ידידיה,0.000111056028
אנטמן,0.000096172230
מגיד,0.000074418988
עידו,0.000125939825
סנדרוסי,0.000135099086
לוז,0.000074418988
חודרה,0.000129374548
אלשיך,0.000113345843
שליו,0.000098462045
איציק,0.000133954178
מתוק,0.000104186583
לבנה,0.000144258346
דוויק,0.000136243993
בלומברג,0.000116780565
הנדל,0.000068694450
דפני,0.000093882415
פירו,0.000115635658
אקסלרוד,0.000104186583
זלץ,0.000112200935
שרים,0.000121360195
אפרגן,0.000084723155
יולזרי,0.000085868063
הנדי,0.000129374548
אקריש,0.000135099086
ארליכמן,0.000095027323
הוברמן,0.000080143525
פיקל,0.000106476398
רצבי,0.000080143525
מיוסט,0.000143113438
חייקין,0.000088157878
מילס,0.000122505103
משלי,0.000131664363
קארו,0.000080143525
שריון,0.000068694450
לובל,0.000087012970
טוינה,0.000099606953
גיבלי,0.000068694450
מאירסון,0.000093882415
ג'רפי,0.000087012970
אטלי,0.000069839358
שועלי,0.000091592600
צפירה,0.000098462045
מושיאשוילי,0.000081288433
שראל,0.000099606953
סלוצקי,0.000092737508
גרינברגר,0.000100751860
כרם,0.000069839358
ויין,0.000075563895
שילר,0.000081288433
מטרי,0.000082433340
מילנר,0.000091592600
קשי,0.000087012970
דריי,0.000160287051
מנשרוב,0.000087012970
ינקלביץ,0.000077853710
קיסוס,0.000095027323
חסאן,0.000123650010
רבן,0.000119070380
נמדר,0.000137388901
שטיינברגר,0.000084723155
עלפי,0.000108766213
הילמן,0.000107621305
אדיר,0.000066404635
יעקוביאן,0.000137388901
בריק,0.000068694450
חבני,0.000103041675
וינוגרד,0.000097317138
הרטמן,0.000090447693
כביר,0.000091592600
פרנסיס,0.000100751860
קלינגר,0.000122505103
טלמון,0.000124794918
שפרלינג,0.000083578248
אוסטרובסקי,0.000087012970
ארזואן,0.000100751860
סמט,0.000121360195
פלמור,0.000056100467
שיוביץ,0.000117925473
נוף,0.000097317138
קסטנבאום,0.000101896768
סרגוסטי,0.000078998618
מחפוד,0.000119070380
סטי,0.000069839358
ליטבק,0.000140823623
לוינזון,0.000080143525
בינשטוק,0.000107621305
לבנת,0.000077853710
רבני,0.000093882415
אברהמוב,0.000084723155
מערבי,0.000074418988
נטף,0.000070984265
קימלמן,0.000089302785
עמאש,0.000147693068
גלם,0.000101896768
חגאי,0.000085868063
אוסמו,0.000085868063
מקונן,0.000223256964
רודריג,0.000121360195
מחבר,0.000088157878
זיתון,0.000101896768
מיטרני,0.000091592600
קנטי,0.000171736126
ליזרוביץ,0.000093882415
רודיק,0.000098462045
נהיר,0.000082433340
אבולעפיה,0.000109911120
פלאח,0.000100751860
דננברג,0.000139678716
קרביץ,0.000091592600
קון,0.000092737508
ליברטי,0.000073274080
דגמי,0.000078998618
עמירם,0.000068694450
עודי,0.000132809271
אפלבוים,0.000129374548
חילו,0.000065259727
צבאג,0.000105331490
עומסי,0.000103041675
בנין,0.000081288433
בלכר,0.000092737508
גליקסמן,0.000129374548
טוב,0.000052665745
ויטמן,0.000080143525
בוקאי,0.000105331490
אש,0.000108766213
מהלל,0.000119070380
דסטה,0.000123650010
אדוני,0.000109911120
מישאל,0.000077853710
הדסי,0.000084723155
אוריון,0.000081288433
ערב,0.000067549543
מתן,0.000138533808
בלעיש,0.000099606953
אקוקה,0.000154562513
ילין,0.000075563895
כברה,0.000056100467
בצרי,0.000078998618
אילת,0.000080143525
גרייף,0.000076708803
דודו,0.000075563895
לוינסקי,0.000074418988
ליבמן,0.000085868063
מוראד,0.000107621305
שורקי,0.000072129173
וילנסקי,0.000083578248
ברודסקי,0.000076708803
ידין,0.000065259727
גלוברמן,0.000091592600
דוידזון,0.000051520837
גבר,0.000080143525
בסה,0.000115635658
יוסיפון,0.000083578248
דלויה,0.000059535190
ריבקין,0.000070984265
שאקי,0.000085868063
סטרולוביץ,0.000114490750
לירן,0.000121360195
פינחסוב,0.000097317138
תור,0.000059535190
מגורי,0.000057245375
לובטון,0.000092737508
רוטברט,0.000114490750
קפח,0.000098462045
ברוקס,0.000137388901
רפאלוב,0.000095027323
מייזלס,0.000132809271
נאוי,0.000056100467
שכטמן,0.000130519455
פופר,0.000103041675
מסילתי,0.000061825005
קונפינו,0.000145403253
גרף,0.000060680097
אוסקר,0.000122505103
גולדבלט,0.000095027323
שרייר,0.000085868063
שרבף,0.000104186583
חקלאי,0.000100751860
אשטמקר,0.000065259727
מסיכה,0.000120215288
עמור,0.000119070380
גלס,0.000096172230
הגר,0.000073274080
גלברג,0.000068694450
שינפלד,0.000132809271
הויזמן,0.000095027323
עדוי,0.000073274080
כרסנטי,0.000155707421
וזאנה,0.000057245375
בזק,0.000074418988
לינדר,0.000125939825
סול,0.000108766213
ברטל,0.000139678716
נויפלד,0.000060680097
גלברד,0.000093882415
סוסן,0.000131664363
זנה,0.000154562513
בוטרשוילי,0.000046941207
עפר,0.000107621305
ברויאר,0.000120215288
ארמוזה,0.000076708803
פרגר,0.000125939825
נתנוב,0.000088157878
סויד,0.000093882415
נוביק,0.000100751860
מנדלבאום,0.000105331490
אוטמזגין,0.000120215288
יודלביץ,0.000083578248
קוצר,0.000067549543
טבק,0.000108766213
קזז,0.000064114820
קולט,0.000123650010
ערן,0.000083578248
וייזר,0.000057245375
קרניאל,0.000058390282
מיטלמן,0.000089302785
זליג,0.000091592600
יעקבסון,0.000106476398
רקח,0.000093882415
גמליאלי,0.000067549543
אלפיה,0.000101896768
מאיו,0.000114490750
מלסה,0.000095027323
בידני,0.000073274080
שיינברג,0.000072129173
יואלי,0.000106476398
קפון,0.000067549543
באבאי,0.000091592600
מרדכייב,0.000097317138
גדות,0.000092737508
אלמסי,0.000141968531
סיקרון,0.000116780565
בצר,0.000093882415
צנעני,0.000087012970
ערמון,0.000080143525
אייזנמן,0.000111056028
מעודד,0.000085868063
אלנתן,0.000112200935
כגן,0.000073274080
כורש,0.000104186583
ליכטר,0.000072129173
אלגלי,0.000127084733
לונדון,0.000127084733
רחמן,0.000077853710
קריסי,0.000151127791
סיגאוי,0.000122505103
ברזילאי,0.000061825005
סנדרוביץ,0.000096172230
גרופי,0.000163721773
קארה,0.000091592600
נדיב,0.000087012970
רייז,0.000057245375
כתר,0.000081288433
שוימר,0.000081288433
להט,0.000088157878
צייגר,0.000068694450
רבינוביץ',0.000083578248
קורנפלד,0.000090447693
זך,0.000077853710
שמי,0.000054955560
אלבר,0.000077853710
צידון,0.000141968531
טבת,0.000062969912
בסל,0.000098462045
רזיאל,0.000061825005
סגיר,0.000084723155
פוזנר,0.000059535190
באשר,0.000089302785
שופן,0.000093882415
זבולוני,0.000062969912
מקמל,0.000100751860
לבבי,0.000070984265
גורדו,0.000106476398
גופמן,0.000105331490
רוזנבליט,0.000160287051
מונסה,0.000098462045
קוק,0.000073274080
קרפל,0.000072129173
באבא,0.000100751860
שטרסברג,0.000093882415
דהוקי,0.000157997236
שפיגלמן,0.000068694450
הירשברג,0.000072129173
כנפי,0.000082433340
לנדסברג,0.000083578248
אליאן,0.000083578248
שולץ,0.000093882415
לרון,0.000065259727
לבן,0.000081288433
גץ,0.000155707421
תובל,0.000057245375
נאה,0.000138533808
זיגמן,0.000084723155
אלמן,0.000057245375
קמרי,0.000125939825
מאיה,0.000058390282
הייזלר,0.000104186583
אבשלומוב,0.000090447693
ברודי,0.000076708803
קנדלקר,0.000114490750
שנהר,0.000081288433
לדר,0.000068694450
גולדרינג,0.000052665745
דורפמן,0.000074418988
נמיר,0.000078998618
שאנן,0.000089302785
יהלומי,0.000075563895
טליאס,0.000115635658
מלניק,0.000050375930
קאן,0.000069839358
ידגר,0.000089302785
מרקס,0.000090447693
אלחנן,0.000067549543
כוכבא,0.000103041675
מזון,0.000105331490
סנקר,0.000112200935
אריכא,0.000099606953
ניצני,0.000105331490
שורצמן,0.000060680097
בדר,0.000076708803
גדעון,0.000115635658
פדן,0.000074418988
זלכה,0.000085868063
פריאנטה,0.000076708803
דרמר,0.000070984265
טובלי,0.000051520837
וויס,0.000078998618
עלוש,0.000129374548
פריי,0.000076708803
אליקים,0.000046941207
ברקמן,0.000060680097
חגאג,0.000083578248
קרסיק,0.000058390282
רויזמן,0.000091592600
אבנון,0.000066404635
גוברין,0.000061825005
שפיגלר,0.000090447693
סירי,0.000072129173
דנילוב,0.000085868063
קלינמן,0.000093882415
שיש,0.000090447693
חליפה,0.000062969912
רחום,0.000073274080
גרסון,0.000085868063
ברס,0.000069839358
דיקשטיין,0.000085868063
אלפרט,0.000082433340
שריפי,0.000052665745
גדיש,0.000042361577
גריסרו,0.000049231022
גואלי,0.000113345843
מוטעי,0.000101896768
עטיאס,0.000093882415
ליבשיץ,0.000077853710
קריטי,0.000048086115
נתנזון,0.000073274080
קלי,0.000104186583
בלונדר,0.000098462045
משאלי,0.000070984265
בס,0.000098462045
מרמור,0.000097317138
קריכלי,0.000069839358
בש,0.000078998618
ונה,0.000058390282
טסטה,0.000082433340
מלקו,0.000095027323
אטל,0.000098462045
מירום,0.000129374548
בגדדי,0.000073274080
מורדוב,0.000083578248
עילם,0.000074418988
רוגל,0.000091592600
אמגר,0.000074418988
בידרמן,0.000115635658
צאירי,0.000082433340
סתיו,0.000111056028
מתיתיהו,0.000060680097
מליח,0.000064114820
קופלר,0.000088157878
יואל,0.000050375930
טורק,0.000122505103
דראי,0.000097317138
סירוטה,0.000088157878
שמו,0.000135099086
עשרי,0.000075563895
תמאם,0.000105331490
גוטפריד,0.000104186583
פיקסלר,0.000129374548
סוויד,0.000104186583
דויד,0.000070984265
ג'ובני,0.000070984265
זורע,0.000074418988
עדיקא,0.000068694450
סקה,0.000066404635
אופנהיים,0.000057245375
קגן,0.000073274080
טוקטלי,0.000049231022
בלחסן,0.000076708803
ירחי,0.000072129173
סלהוב,0.000096172230
רוז,0.000095027323
שטאובר,0.000099606953
ריכטר,0.000085868063
קייזר,0.000087012970
מלכין,0.000072129173
אלדן,0.000043506485
וקס,0.000050375930
ירימי,0.000066404635
גנאים,0.000064114820
זרחי,0.000075563895
בורק,0.000096172230
רוב,0.000064114820
פהימה,0.000131664363
וולמן,0.000077853710
גומל,0.000074418988
תדהר,0.000133954178
גולדשמיד,0.000075563895
קדושים,0.000099606953
סופרין,0.000075563895
סמוכה,0.000069839358
גרינר,0.000072129173
קופרברג,0.000096172230
נחמד,0.000069839358
עפרי,0.000125939825
מלמוד,0.000088157878
ביטרן,0.000077853710
אגבאריה,0.000073274080
ולך,0.000074418988
מסרי,0.000064114820
רייכר,0.000111056028
אבירן,0.000095027323
שניידרמן,0.000059535190
ליבר,0.000081288433
דוקרקר,0.000100751860
אביגד,0.000052665745
תלם,0.000081288433
סאלח,0.000065259727
ברבר,0.000093882415
שרי,0.000062969912
אלקריף,0.000057245375
פניני,0.000077853710
רייף,0.000059535190
שחל,0.000045796300
פרינטה,0.000077853710
ברחק,0.000112200935
כאהן,0.000100751860
יזרעאלי,0.000082433340
פישביין,0.000072129173
קלנר,0.000053810652
ערד,0.000068694450
גודמן,0.000081288433
ניני,0.000068694450
רפאילוב,0.000098462045
צביק,0.000056100467
ויזר,0.000069839358
בורה,0.000069839358
דנדקר,0.000101896768
רוזמן,0.000085868063
יגיל,0.000075563895
רובינזון,0.000051520837
גרנית,0.000113345843
הורנשטיין,0.000076708803
מנדיל,0.000141968531
חזקיהו,0.000072129173
נחושתן,0.000076708803
שירן,0.000075563895
רינגל,0.000074418988
מאמו,0.000111056028
ספרן,0.000104186583
מעברי,0.000098462045
כלפה,0.000087012970
סימוני,0.000122505103
יקוטי,0.000076708803
בלמס,0.000098462045
קעטבי,0.000072129173
צופי,0.000056100467
כורם,0.000080143525
מושל,0.000066404635
גלאור,0.000045796300
אנגלברג,0.000065259727
ליזמי,0.000115635658
בלובשטיין,0.000046941207
גובני,0.000095027323
פרידברג,0.000095027323
שעיה,0.000103041675
מנו,0.000081288433
כתריאל,0.000123650010
ביבר,0.000074418988
וולק,0.000068694450
מרטין,0.000066404635
טייכמן,0.000075563895
גינסברג,0.000090447693
כוחיי,0.000137388901
סמי,0.000136243993
פל,0.000059535190
זמורה,0.000051520837
לויאן,0.000115635658
אפטר,0.000068694450
קלימן,0.000064114820
קופלמן,0.000046941207
ציפרוט,0.000069839358
נסימיאן,0.000083578248
פרש,0.000147693068
שפט,0.000037781947
לפלר,0.000099606953
קיסרי,0.000052665745
אואקנין,0.000066404635
זיכרמן,0.000075563895
פיירמן,0.000081288433
צחי,0.000056100467
זורנו,0.000084723155
רודיטי,0.000070984265
נבות,0.000073274080
דוידוף,0.000082433340
רהט,0.000088157878
ליבל,0.000064114820
למברגר,0.000076708803
חרוש,0.000111056028
רדיע,0.000088157878
בלאיש,0.000069839358
דיקמן,0.000062969912
גוטסמן,0.000093882415
אשרוב,0.000061825005
שטיינמן,0.000074418988
אפוטה,0.000133954178
סטמקר,0.000077853710
מזעקי,0.000052665745
פארס,0.000038926855
יוסיפוב,0.000054955560
דאי,0.000081288433
פנסו,0.000062969912
מולא,0.000090447693
אינהורן,0.000076708803
קובו,0.000103041675
ברומר,0.000096172230
שובלי,0.000082433340
איוב,0.000067549543
אופנהיימר,0.000048086115
קורש,0.000083578248
רימר,0.000053810652
מוסקונה,0.000059535190
קהתי,0.000084723155
שיינפלד,0.000045796300
פיכמן,0.000069839358
פקר,0.000077853710
זיגל,0.000074418988
רומם,0.000092737508
מגנזי,0.000050375930
מולד,0.000056100467
גרטנר,0.000070984265
ספרא,0.000051520837
מכבי,0.000089302785
רשתי,0.000080143525
לויטה,0.000048086115
ישראלוב,0.000067549543
זלצברג,0.000085868063
בוכמן,0.000068694450
חכימי,0.000097317138
נובק,0.000067549543
טוביאס,0.000048086115
מוטולה,0.000046941207
ברקי,0.000075563895
פרוסט,0.000066404635
ניסנבוים,0.000077853710
צארום,0.000067549543
אלבוים,0.000084723155
דוק,0.000103041675
עורקבי,0.000062969912
שדות,0.000133954178
אליאסף,0.000067549543
כמיסה,0.000064114820
אקנין,0.000108766213
שליסל,0.000127084733
מרלי,0.000075563895
אנקונינה,0.000140823623
הרצברג,0.000046941207
סמסון,0.000051520837
מרי,0.000129374548
גרביאן,0.000109911120
כתריאלי,0.000140823623
בלילטי,0.000072129173
דדיה,0.000186619923
בלוקה,0.000058390282
פיינר,0.000139678716
שגן,0.000090447693
אלמו,0.000081288433
דרומי,0.000053810652
זגרון,0.000068694450
לחמן,0.000138533808
מולה,0.000168301403
קסטיאל,0.000073274080
קוט,0.000081288433
רנן,0.000057245375
אנקורי,0.000081288433
עטון,0.000088157878
תפוחי,0.000044651392
נבעה,0.000111056028
מרזוק,0.000056100467
לובין,0.000058390282
חלף,0.000111056028
דרייפוס,0.000081288433
ויילר,0.000145403253
סימנטוב,0.000113345843
שייר,0.000048086115
סבאן,0.000075563895
דקר,0.000050375930
קלימיאן,0.000060680097
מרגליות,0.000087012970
אלרון,0.000058390282
קוך,0.000070984265
נס,0.000076708803
לנדמן,0.000053810652
חנין,0.000052665745
פרג'י,0.000080143525
קורדובה,0.000080143525
לייכטר,0.000089302785
מישל,0.000115635658
ג'רסי,0.000101896768
קרטה,0.000049231022
עבדו,0.000050375930
חודידה,0.000101896768
סננס,0.000056100467
קסוס,0.000059535190
חיימוף,0.000052665745
אלעזרא,0.000124794918
גרנט,0.000057245375
הרניק,0.000052665745
דבורי,0.000087012970
מירן,0.000043506485
טסמה,0.000104186583
קרסגי,0.000061825005
כתב,0.000097317138
בטש,0.000060680097
פלדשטיין,0.000103041675
לזימי,0.000085868063
פביאן,0.000065259727
יוליס,0.000052665745
קרנר,0.000081288433
רובינסון,0.000053810652
אדן,0.000049231022
לוטם,0.000048086115
חקשוריאן,0.000082433340
קירש,0.000056100467
צובירי,0.000119070380
בין,0.000066404635
ווייס,0.000074418988
צריקר,0.000092737508
ורהפטיג,0.000072129173
מקסימוב,0.000082433340
רייזנר,0.000062969912
חנוכייב,0.000057245375
מגידו,0.000066404635
גורש,0.000089302785
יעקובזון,0.000072129173
סימני,0.000045796300
נמט,0.000057245375
שפילברג,0.000065259727
סקורי,0.000125939825
חמיאס,0.000083578248
ליכט,0.000060680097
גרינשפון,0.000056100467
שרר,0.000062969912
קרסנר,0.000067549543
שיינין,0.000089302785
יואב,0.000052665745
נורני,0.000106476398
ביאזי,0.000085868063
רודד,0.000050375930
ארנפלד,0.000043506485
באואר,0.000082433340
תבל,0.000078998618
מונסוניגו,0.000078998618
זמר,0.000052665745
פינקו,0.000068694450
לוקס,0.000044651392
דובינסקי,0.000074418988
סנה,0.000062969912
ציגלר,0.000036637040
ארנברג,0.000083578248
חריש,0.000043506485
כנעני,0.000054955560
גרונר,0.000064114820
מליק,0.000057245375
ברד,0.000045796300
שוקרי,0.000065259727
חביביאן,0.000068694450
פרז,0.000138533808
אסעד,0.000052665745
ברינדר,0.000089302785
זלמן,0.000069839358
אנסבכר,0.000058390282
שמיס,0.000041216670
קרסו,0.000077853710
חג'אג',0.000077853710
שמיאן,0.000073274080
ויינברג,0.000076708803
קאשי,0.000044651392
שמרלינג,0.000068694450
מירילאשוילי,0.000078998618
אלסטר,0.000075563895
ספורטה,0.000070984265
צבאן,0.000093882415
בודקוב,0.000064114820
גלפר,0.000065259727
בירמן,0.000090447693
שמעונוב,0.000076708803
פיליפ,0.000067549543
לינדנבאום,0.000052665745
יעל,0.000066404635
מטמון,0.000059535190
רוזנמן,0.000088157878
קטנוב,0.000092737508
מטלוב,0.000090447693
צעידי,0.000067549543
גרשי,0.000050375930
סקר,0.000046941207
זיקרי,0.000061825005
קולטון,0.000056100467
אזריאל,0.000136243993
שינברג,0.000073274080
איזנשטיין,0.000049231022
גורליק,0.000121360195
ניסימוב,0.000052665745
דוכן,0.000067549543
פלץ,0.000044651392
גינוסר,0.000120215288
בלושטיין,0.000057245375
אברון,0.000082433340
אלוק,0.000115635658
נעמד,0.000076708803
גולדשמיט,0.000061825005
אלגזי,0.000075563895
אוסי,0.000087012970
חבצלת,0.000057245375
חוכימה,0.000088157878
גורמן,0.000060680097
בשארה,0.000044651392
פיטרו,0.000053810652
ארוש,0.000046941207
לנדו,0.000059535190
סמילנסקי,0.000045796300
גולדוסר,0.000050375930
ענקי,0.000083578248
צין,0.000087012970
מוסא,0.000054955560
אוריין,0.000065259727
גינו,0.000048086115
מורגן,0.000052665745
מצלאוי,0.000121360195
גרויסמן,0.000077853710
עזיז,0.000043506485
דובר,0.000106476398
שורצברג,0.000119070380
אדירי,0.000125939825
שאוליאן,0.000059535190
שמני,0.000074418988
עקירב,0.000075563895
הדני,0.000053810652
נזר,0.000090447693
בירנבאום,0.000090447693
אלגבסי,0.000125939825
נימני,0.000058390282
גבעול,0.000064114820
הלחמי,0.000057245375
שמאע,0.000067549543
אפיק,0.000066404635
ספיאשוילי,0.000034347225
פיינגולד,0.000054955560
אביעוז,0.000064114820
בקל,0.000043506485
שרת,0.000044651392
בנבניסטי,0.000050375930
מצרי,0.000087012970
הברמן,0.000058390282
פלגי,0.000038926855
דורני,0.000048086115
מנע,0.000065259727
תבורי,0.000061825005
איתח,0.000137388901
אוחנונה,0.000073274080
סקעת,0.000112200935
רק,0.000095027323
למפרט,0.000065259727
משהיוף,0.000089302785
פלוטקין,0.000062969912
אלברט,0.000052665745
פסי,0.000051520837
לדאני,0.000084723155
צפתי,0.000061825005
מרחבי,0.000087012970
גייר,0.000048086115
ולטר,0.000080143525
הנדלר,0.000041216670
סרנגה,0.000085868063
גרידיש,0.000065259727
אסיאג,0.000109911120
בלבן,0.000051520837
אליסף,0.000052665745
גוהר,0.000058390282
גוטל,0.000044651392
שנלר,0.000097317138
הקר,0.000044651392
קבילו,0.000087012970
פן,0.000060680097
ססי,0.000057245375
דרזי,0.000091592600
חינגה,0.000064114820
ברגיג,0.000067549543
נדל,0.000056100467
בלישה,0.000066404635
זריבי,0.000042361577
הפנר,0.000045796300
דבורקין,0.000060680097
גימפל,0.000054955560
קמינר,0.000065259727
ברייר,0.000064114820
נעימי,0.000133954178
אללי,0.000062969912
רחבי,0.000069839358
גטה,0.000084723155
זנגי,0.000078998618
גלאון,0.000041216670
ישעיה,0.000070984265
מיזן,0.000090447693
קבדה,0.000068694450
בראונר,0.000058390282
טולידאנו,0.000057245375
קרויזר,0.000085868063
שייך,0.000058390282
בינו,0.000050375930
ביילין,0.000051520837
סעדי,0.000054955560
מורדי,0.000052665745
נגב,0.000088157878
חנינה,0.000054955560
עמרמי,0.000056100467
קינד,0.000088157878
מנשירוב,0.000059535190
ורמן,0.000087012970
מאוטנר,0.000052665745
מאי,0.000054955560
יונתן,0.000059535190
בשרי,0.000052665745
דנין,0.000042361577
האן,0.000036637040
מיימון,0.000035492132
קלו,0.000060680097
רובס,0.000080143525
אסידו,0.000050375930
טורם,0.000077853710
סילברמן,0.000119070380
קניון,0.000048086115
קירשנבוים,0.000074418988
טסה,0.000054955560
אנגלשטיין,0.000097317138
גיספן,0.000076708803
נמרודי,0.000043506485
פת,0.000053810652
גנין,0.000054955560
נוסבוים,0.000056100467
עאסי,0.000032057410
דרטלר,0.000040071762
נחשוני,0.000065259727
מחאמיד,0.000057245375
בלילתי,0.000065259727
שיינר,0.000068694450
וולקוביץ,0.000053810652
פרדמן,0.000058390282
אביסדריס,0.000058390282
היקרי,0.000066404635
גלפנד,0.000037781947
זנדר,0.000054955560
גרומן,0.000070984265
רטר,0.000074418988
חסדאי,0.000095027323
מחפודה,0.000040071762
בריקמן,0.000040071762
יונאי,0.000062969912
בבייב,0.000069839358
חרירי,0.000057245375
פלפל,0.000034347225
ויניק,0.000074418988
כורך,0.000053810652
מרחב,0.000059535190
זוילי,0.000058390282
בסטקר,0.000074418988
פסחוב,0.000062969912
בצלאלי,0.000049231022
ריף,0.000084723155
שאולוב,0.000098462045
שמאילוב,0.000066404635
קזס,0.000059535190
אלבק,0.000040071762
יצהר,0.000045796300
טוביאנה,0.000048086115
דולינסקי,0.000043506485
בלזר,0.000051520837
רחימה,0.000122505103
ציפורי,0.000053810652
אברס,0.000092737508
סטולר,0.000048086115
מטרני,0.000041216670
פטיטו,0.000093882415
קוסובסקי,0.000037781947
קרון,0.000083578248
איזנקוט,0.000060680097
זיזי,0.000043506485
צרי,0.000075563895
שביב,0.000054955560
אברבוך,0.000054955560
בטאשוילי,0.000061825005
שומרון,0.000048086115
קלינר,0.000084723155
עירוני,0.000067549543
מרואני,0.000045796300
פינסקי,0.000092737508
אלפר,0.000033202317
צוראל,0.000106476398
אסיף,0.000045796300
כדר,0.000045796300
קניגסברג,0.000124794918
מנוח,0.000052665745
ברחד,0.000072129173
סמדג'ה,0.000078998618
אמיגה,0.000061825005
הלפרט,0.000035492132
ורשבסקי,0.000074418988
פרייליך,0.000059535190
בבאי,0.000067549543
אספיר,0.000082433340
יתאח,0.000100751860
מינה,0.000109911120
שפלר,0.000033202317
מוריוסף,0.000085868063
סיגלר,0.000074418988
מולר,0.000074418988
כובני,0.000081288433
אולמן,0.000100751860
אדיב,0.000088157878
קובלסקי,0.000057245375
פרינץ,0.000077853710
יהל,0.000036637040
צייאדה,0.000082433340
בניון,0.000059535190
לאני,0.000089302785
טימור,0.000070984265
גנח,0.000084723155
מלין,0.000058390282
צדק,0.000073274080
יעקוב,0.000043506485
דימנט,0.000041216670
קריספל,0.000036637040
אברה,0.000057245375
גדליה,0.000035492132
סילמן,0.000051520837
שלוסברג,0.000053810652
לדרר,0.000085868063
אשחר,0.000080143525
וטורי,0.000054955560
מנגיסטו,0.000064114820
אלפרן,0.000052665745
זיס,0.000035492132
גרש,0.000041216670
בצון,0.000078998618
בהרב,0.000104186583
אריאב,0.000049231022
פתל,0.000114490750
סלונים,0.000068694450
שטייר,0.000036637040
מסד,0.000040071762
נדיר,0.000077853710
קלוש,0.000057245375
קולר,0.000058390282
בחבוט,0.000076708803
אסוס,0.000069839358
יזהר,0.000078998618
שוע,0.000043506485
מדעי,0.000049231022
עמראני,0.000067549543
ויזן,0.000078998618
לימואי,0.000059535190
אלוס,0.000066404635
קרין,0.000036637040
אביעזר,0.000139678716
סבר,0.000044651392
לויצקי,0.000052665745
בנלולו,0.000089302785
זרצקי,0.000050375930
דודוביץ,0.000059535190
סלאמה,0.000042361577
סניור,0.000072129173
אלרואי,0.000138533808
זידאן,0.000061825005
נקאש,0.000073274080
אביקזר,0.000081288433
אדוט,0.000054955560
חמדני,0.000077853710
פרומקין,0.000040071762
קובץ,0.000059535190
לוצקי,0.000058390282
צוויג,0.000044651392
פלקס,0.000040071762
גרזון,0.000111056028
הוניג,0.000049231022
אלחנתי,0.000076708803
לייבו,0.000056100467
לנגה,0.000056100467
סגלוביץ,0.000070984265
וייץ,0.000034347225
וייסברג,0.000042361577
גירון,0.000050375930
לייזר,0.000074418988
עציוני,0.000083578248
מישור,0.000048086115
בטיש,0.000054955560
בנג'ו,0.000067549543
שרבני,0.000041216670
כהו,0.000033202317
עבדה,0.000068694450
בוק,0.000096172230
פטר,0.000075563895
אלעזרי,0.000096172230
אלבאז,0.000057245375
מליאנקר,0.000075563895
שעיבי,0.000068694450
הר,0.000046941207
נמירובסקי,0.000065259727
כהנוב,0.000081288433
משיטה,0.000044651392
לחמני,0.000065259727
רנד,0.000082433340
עידה,0.000042361577
מלך,0.000045796300
תימור,0.000048086115
סטולרו,0.000057245375
יונג,0.000045796300
יבדייב,0.000044651392
דסקלו,0.000069839358
דיגה,0.000040071762
ליש,0.000098462045
אפלמן,0.000111056028
סיביליה,0.000068694450
אביכזר,0.000058390282
זבורוף,0.000075563895
קירמה,0.000050375930
הרש,0.000032057410
מזל,0.000038926855
מריומה,0.000064114820
מוזר,0.000036637040
גוברמן,0.000073274080
נגרי,0.000040071762
קראוז,0.000046941207
בויום,0.000060680097
לולו,0.000076708803
סלים,0.000058390282
קלמר,0.000058390282
נודל,0.000067549543
לזרי,0.000069839358
שמשי,0.000065259727
חקמון,0.000050375930
גיני,0.000062969912
צחור,0.000066404635
גולדנר,0.000065259727
דאוד,0.000033202317
שרצקי,0.000046941207
חאיק,0.000112200935
אורדן,0.000051520837
שקרצי,0.000057245375
גורביץ',0.000084723155
דחבש,0.000044651392
נגלר,0.000067549543
גלנץ,0.000087012970
ריין,0.000105331490
הראלי,0.000062969912
צפדיה,0.000036637040
ריימונד,0.000076708803
קישון,0.000092737508
גרא,0.000041216670
סלח,0.000054955560
שיק,0.000078998618
גפרי,0.000060680097
ברנדס,0.000035492132
נוב,0.000054955560
רובינשטין,0.000100751860
אתגר,0.000098462045
ברנשטין,0.000062969912
גלאי,0.000109911120
נגרין,0.000089302785
סוטו,0.000070984265
שבבו,0.000127084733
אייזנר,0.000060680097
בל,0.000049231022
שרייבמן,0.000085868063
קופפר,0.000043506485
שמחוביץ,0.000083578248
הוך,0.000058390282
בונדי,0.000065259727
נורמן,0.000058390282
פוליטי,0.000044651392
בוך,0.000052665745
מקלר,0.000085868063
פבריקנט,0.000043506485
סלמי,0.000072129173
דומיניץ,0.000059535190
זבלונוב,0.000040071762
חנקין,0.000052665745
צפרי,0.000069839358
מרחום,0.000049231022
שירוני,0.000048086115
ברסקה,0.000060680097
ביטרמן,0.000056100467
סלעי,0.000038926855
גורדין,0.000052665745
ברסלר,0.000052665745
חטואל,0.000045796300
שן,0.000064114820
בוברוב,0.000061825005
הנדלסמן,0.000046941207
ריש,0.000069839358
מרעי,0.000030912502
פדרמן,0.000027477780
נבט,0.000062969912
מגור,0.000068694450
אקר,0.000038926855
מנצורה,0.000082433340
גינזברג,0.000054955560
כצנלסון,0.000053810652
הופר,0.000081288433
הלפר,0.000070984265
מואס,0.000044651392
סיידא,0.000038926855
ברמץ,0.000059535190
גנאור,0.000040071762
שריקר,0.000115635658
קם,0.000080143525
מונק,0.000035492132
משולמי,0.000054955560
לאל,0.000073274080
נסימוב,0.000087012970
צ'קול,0.000066404635
לנציאנו,0.000035492132
צדיקוב,0.000042361577
גנני,0.000033202317
חריר,0.000040071762
גואל,0.000135099086
זאוי,0.000049231022
ניומן,0.000046941207
קוגל,0.000066404635
ליפקין,0.000035492132
מוטרו,0.000068694450
עאמר,0.000053810652
פרדקין,0.000052665745
גורני,0.000069839358
פולטוב,0.000105331490
הברי,0.000076708803
פלוטניק,0.000049231022
ארואסטי,0.000075563895
אמרוסי,0.000082433340
שקלים,0.000103041675
זמירי,0.000052665745
אברך,0.000084723155
מרקמן,0.000053810652
ארוסי,0.000059535190
אלמשעלי,0.000060680097
לוקץ,0.000027477780
בוסידן,0.000082433340
אטלס,0.000034347225
הולצר,0.000045796300
פינקלשטין,0.000035492132
קלטר,0.000029767595
ציקורל,0.000038926855
שרמה,0.000043506485
לוטטי,0.000120215288
חרץ,0.000056100467
שעיו,0.000064114820
טדגי,0.000062969912
זינר,0.000066404635
בוטון,0.000036637040
סולמי,0.000035492132
רוק,0.000037781947
טירן,0.000049231022
אליסיאן,0.000066404635
יקואל,0.000054955560
פוזיילוב,0.000065259727
הימלפרב,0.000032057410
אידלשטיין,0.000035492132
שוסטרמן,0.000032057410
אליס,0.000076708803
טקו,0.000073274080
ויסלר,0.000056100467
קירשנבאום,0.000043506485
גדי,0.000053810652
שלבי,0.000058390282
חרש,0.000046941207
קאסם,0.000053810652
ברנדל,0.000053810652
זנדברג,0.000046941207
קיים,0.000051520837
רינגר,0.000070984265
מדיוני,0.000067549543
עטרי,0.000062969912
שפיץ,0.000090447693
חתוקה,0.000058390282
פיירשטיין,0.000034347225
ורצברגר,0.000070984265
מישורי,0.000057245375
שזו,0.000053810652
פורטנוי,0.000044651392
סבי,0.000051520837
סינגר,0.000034347225
חלימה,0.000097317138
מולדבסקי,0.000060680097
אוריאל,0.000069839358
ברוקר,0.000054955560
אורעד,0.000083578248
מצגר,0.000051520837
קלרמן,0.000058390282
תפארת,0.000050375930
זפרן,0.000038926855
רודריגז,0.000065259727
צורן,0.000066404635
סיטי,0.000040071762
יושע,0.000060680097
אסיג,0.000050375930
לולאי,0.000052665745
קפלינסקי,0.000048086115
קראוזה,0.000044651392
אזוב,0.000048086115
אזנקוט,0.000066404635
קיפר,0.000037781947
צבן,0.000080143525
אברם,0.000051520837
חריף,0.000043506485
בנחמו,0.000107621305
גאולה,0.000056100467
מוריה,0.000072129173
מוקדי,0.000036637040
אגרונוב,0.000038926855
גד,0.000066404635
שירום,0.000049231022
יודוביץ,0.000099606953
רקובר,0.000128229640
גנוסר,0.000069839358
זרח,0.000058390282
בז'רנו,0.000061825005
סלקמן,0.000038926855
פראג,0.000046941207
ברשישת,0.000048086115
סמדר,0.000059535190
סנדקה,0.000064114820
כצמן,0.000061825005
בלפר,0.000041216670
זנדני,0.000043506485
חכמוב,0.000046941207
ברסנו,0.000064114820
אניס,0.000089302785
עמבר,0.000048086115
פרייברג,0.000045796300
מתתוב,0.000034347225
עג'מי,0.000044651392
בליץ,0.000036637040
מרמלשטיין,0.000046941207
פפיסמדוב,0.000067549543
נשרי,0.000046941207
קסיס,0.000029767595
טיטלבוים,0.000038926855
לבל,0.000059535190
טייטלבאום,0.000078998618
גרשטיין,0.000051520837
אשקר,0.000032057410
חוזה,0.000037781947
סמוחה,0.000053810652
אמסטר,0.000067549543
חוה,0.000122505103
טרכטנברג,0.000056100467
גרתי,0.000119070380
אנגלנדר,0.000062969912
סלימן,0.000051520837
פרידלנד,0.000073274080
יניר,0.000049231022
שמח,0.000059535190
גובר,0.000061825005
ארמוני,0.000042361577
בינר,0.000042361577
סייר,0.000035492132
עפרוני,0.000035492132
יגאל,0.000043506485
אנקר,0.000057245375
ז'ורנו,0.000054955560
שיפר,0.000029767595
שלאין,0.000057245375
מגדל,0.000035492132
רחמיאל,0.000049231022
מוסק,0.000040071762
אבודרהם,0.000053810652
קשטן,0.000056100467
צ'ונה,0.000030912502
זולטי,0.000029767595
פרוש,0.000051520837
חובל,0.000105331490
מרילי,0.000041216670
דיל,0.000059535190
קופרשטיין,0.000062969912
צליח,0.000061825005
מיכלסון,0.000036637040
קמיר,0.000045796300
טנג'י,0.000111056028
בראור,0.000035492132
אשכול,0.000096172230
עצור,0.000077853710
בורובסקי,0.000076708803
שומכר,0.000058390282
אלדור,0.000035492132
יוסיפוביץ,0.000062969912
אשוש,0.000054955560
אברהמוף,0.000050375930
פרום,0.000045796300
פורקוש,0.000067549543
לייטנר,0.000037781947
וולפוביץ,0.000030912502
גויכמן,0.000098462045
מילרד,0.000083578248
חנימוב,0.000069839358
הרבסט,0.000107621305
זנד,0.000057245375
צחר,0.000041216670
שטול,0.000100751860
בגה,0.000078998618
פיניש,0.000061825005
קנובל,0.000028622687
מחול,0.000034347225
ברטפלד,0.000041216670
אשול,0.000120215288
וגשל,0.000051520837
ריס,0.000029767595
מרדו,0.000120215288
סאיג,0.000046941207
גראפי,0.000029767595
יואש,0.000036637040
שנצר,0.000054955560
גדז',0.000037781947
יצהרי,0.000084723155
זהורי,0.000095027323
גוסלקר,0.000058390282
ביתאן,0.000050375930
ברבש,0.000069839358
ורטהיים,0.000035492132
הירשמן,0.000087012970
פרוסק,0.000081288433
בסיס,0.000051520837
מיכאילוב,0.000080143525
טירי,0.000093882415
רוזנסקי,0.000028622687
שמשוני,0.000051520837
עינת,0.000042361577
פישל,0.000044651392
בילו,0.000048086115
דינוביץ,0.000061825005
נריה,0.000097317138
ירוחם,0.000053810652
נחליאלי,0.000044651392
מצרפי,0.000041216670
אלפרוביץ,0.000035492132
אורלב,0.000049231022
יורמן,0.000050375930
חמיס,0.000035492132
לגזייל,0.000084723155
בנדר,0.000030912502
פדל,0.000073274080
שמאש,0.000049231022
דרביש,0.000093882415
הלימי,0.000042361577
אזר,0.000065259727
שנטל,0.000043506485
קוגלר,0.000097317138
בנישתי,0.000062969912
סוקולובסקי,0.000117925473
עזיזי,0.000062969912
קורנבלום,0.000048086115
בורנשטין,0.000053810652
עמראן,0.000034347225
בנזינו,0.000114490750
ברקול,0.000038926855
אלוז,0.000058390282
ערמי,0.000056100467
קילשטוק,0.000049231022
ליבה,0.000073274080
חבקוק,0.000050375930
וולקוב,0.000059535190
חביליו,0.000062969912
תומא,0.000029767595
שמסיאן,0.000074418988
יוספוב,0.000028622687
מסאלחה,0.000033202317
אסבג,0.000044651392
מטרסו,0.000075563895
פייס,0.000051520837
אריש,0.000046941207
דרין,0.000059535190
לבנטר,0.000033202317
רוטנר,0.000034347225
דרקסלר,0.000054955560
רוזנברגר,0.000041216670
הרלב,0.000061825005
מגידש,0.000061825005
סלנט,0.000040071762
מטר,0.000042361577
באר,0.000056100467
עווד,0.000041216670
ינובסקי,0.000057245375
קנה,0.000051520837
סוקול,0.000049231022
חרובי,0.000056100467
עזוז,0.000042361577
אחיאל,0.000077853710
קריגל,0.000035492132
גורוביץ,0.000029767595
בורלא,0.000089302785
גבלי,0.000038926855
ג'בלי,0.000030912502
וינשטין,0.000060680097
קריחלי,0.000044651392
כשר,0.000045796300
פייג,0.000054955560
קוסטו,0.000053810652
ולרשטיין,0.000052665745
שוכר,0.000058390282
מלייב,0.000066404635
שיראזי,0.000061825005
טאטי,0.000040071762
מזיג,0.000052665745
טליאז,0.000027477780
מורדכייב,0.000038926855
חותה,0.000064114820
עמירן,0.000029767595
רבה,0.000051520837
גרג'י,0.000060680097
הרר,0.000041216670
פירט,0.000040071762
דאובר,0.000130519455
דקה,0.000041216670
בילבסקי,0.000058390282
בוהארון,0.000049231022
ספר,0.000065259727
הרוניאן,0.000072129173
סלימאן,0.000065259727
פינצ'וק,0.000034347225
בראלי,0.000034347225
חסונה,0.000035492132
קרקובסקי,0.000036637040
זהרי,0.000064114820
באבד,0.000117925473
נתנאלי,0.000075563895
נגיד,0.000072129173
גנזיה,0.000045796300
רודמן,0.000061825005
ויניצקי,0.000025187965
ויטנברג,0.000074418988
עדיני,0.000062969912
בנדט,0.000049231022
בקמן,0.000059535190
אייזנשטיין,0.000052665745
לנדוי,0.000022898150
איזקסון,0.000028622687
ביטמן,0.000035492132
קייט,0.000032057410
גוט,0.000050375930
גינדין,0.000051520837
עזרתי,0.000053810652
גדה,0.000033202317
פלומבו,0.000045796300
ברוידא,0.000038926855
ליסובסקי,0.000088157878
בוזו,0.000032057410
קרידי,0.000041216670
וימן,0.000037781947
שלומאי,0.000058390282
בונשטיין,0.000042361577
רחמינוב,0.000069839358
הרשלר,0.000057245375
קרמני,0.000038926855
ארמן,0.000024043057
קלוסקי,0.000029767595
דאבי,0.000043506485
ברלינר,0.000066404635
עמון,0.000068694450
אביצור,0.000038926855
לילה,0.000033202317
אידו,0.000041216670
מאירוב,0.000058390282
מרטון,0.000034347225
אביחי,0.000053810652
יער,0.000045796300
שורר,0.000041216670
לנצמן,0.000046941207
פילר,0.000056100467
פיינרו,0.000030912502
מנהיים,0.000029767595
כהנוביץ,0.000048086115
גרפינקל,0.000081288433
רוזנבך,0.000043506485
פרוכט,0.000069839358
גרוזמן,0.000045796300
צומי,0.000085868063
מועלמי,0.000057245375
וולקן,0.000036637040
סמל,0.000072129173
גוטדינר,0.000069839358
סברדלוב,0.000052665745
פלסר,0.000061825005
לברטובסקי,0.000048086115
סעידיאן,0.000040071762
מקייטן,0.000052665745
קלבו,0.000085868063
קלפון,0.000096172230
זיסקינד,0.000036637040
קסטוריאנו,0.000056100467
סורוקה,0.000040071762
הולנד,0.000040071762
אלישקוב,0.000136243993
מישאלי,0.000072129173
אמדו,0.000040071762
סלונימסקי,0.000026332872
אגרי,0.000041216670
עירון,0.000036637040
ציונית,0.000037781947
תעיזי,0.000036637040
פנש,0.000052665745
טוילי,0.000049231022
אלג'ם,0.000040071762
סמולינסקי,0.000069839358
בנו,0.000052665745
רכבי,0.000043506485
ענטר,0.000049231022
יעבץ,0.000046941207
אלטרמן,0.000033202317
גלאם,0.000040071762
רפואה,0.000061825005
קמין,0.000033202317
מוחה,0.000087012970
מוניס,0.000035492132
פלאי,0.000046941207
שומרוני,0.000026332872
בלן,0.000025187965
רינסקי,0.000070984265
חובשי,0.000032057410
קנדרו,0.000053810652
קומימי,0.000088157878
בלייר,0.000035492132
סחראי,0.000045796300
נברו,0.000076708803
פבזנר,0.000032057410
אלקריאף,0.000036637040
וימר,0.000028622687
משקל,0.000060680097
דיסקין,0.000067549543
שמלצר,0.000060680097
גילון,0.000027477780
עראף,0.000049231022
איפראימוב,0.000045796300
שמעונוביץ,0.000084723155
בני,0.000058390282
גמיל,0.000027477780
וזנה,0.000028622687
מלמן,0.000064114820
קיש,0.000046941207
יסעור,0.000092737508
וזאן,0.000060680097
אדריאן,0.000064114820
שפייזר,0.000061825005
אבוהב,0.000029767595
קורח,0.000056100467
אלבין,0.000036637040
מרדר,0.000044651392
תושיה,0.000053810652
זסלבסקי,0.000029767595
דואניס,0.000036637040
רייבי,0.000040071762
דוגמא,0.000073274080
פלמון,0.000037781947
שילוח,0.000048086115
שצקי,0.000035492132
קרבץ,0.000075563895
אולשטיין,0.000025187965
טויג,0.000061825005
ענב,0.000027477780
לורברבוים,0.000042361577
פיינה,0.000048086115
ז'נו,0.000024043057
בוסתן,0.000054955560
חקון,0.000043506485
הברפלד,0.000037781947
ביין,0.000078998618
נדר,0.000028622687
סירקיס,0.000028622687
חטבי,0.000077853710
ליכטנפלד,0.000108766213
בורוביץ,0.000041216670
דבדה,0.000050375930
גרגיר,0.000065259727
מיטל,0.000022898150
מודעי,0.000037781947
אביתר,0.000061825005
לויטן,0.000074418988
סונגו,0.000059535190
ראב,0.000041216670
שמואלוב,0.000060680097
קחלון,0.000034347225
לינדנר,0.000038926855
תורתי,0.000036637040
לבוביץ,0.000033202317
הרון,0.000084723155
בובר,0.000048086115
שטורם,0.000043506485
גנדלר,0.000080143525
רוסמן,0.000032057410
סידיס,0.000022898150
מאלי,0.000062969912
קוקה,0.000052665745
גליצקי,0.000028622687
אלנר,0.000028622687
בנדק,0.000035492132
ליפמן,0.000044651392
ולנסי,0.000068694450
בלייכר,0.000073274080
סיקסיק,0.000049231022
מגריל,0.000069839358
שטייף,0.000045796300
ארפי,0.000050375930
אלשייך,0.000028622687
קלפה,0.000052665745
לביאן,0.000044651392
גנאח,0.000059535190
גרייבר,0.000042361577
וכטל,0.000056100467
קריינר,0.000027477780
אביאור,0.000089302785
גבסו,0.000044651392
גאנם,0.000057245375
בלה,0.000044651392
רייזמן,0.000036637040
מירסקי,0.000046941207
אילתי,0.000028622687
כראדי,0.000076708803
אספורמס,0.000037781947
רמר,0.000045796300
קזאז,0.000044651392
טביבי,0.000060680097
אהרונוף,0.000041216670
פדהצור,0.000028622687
נוריאלי,0.000070984265
דלומי,0.000077853710
אלפרין,0.000081288433
רוף,0.000040071762
אופנר,0.000044651392
פתיחי,0.000088157878
מטס,0.000033202317
רדה,0.000061825005
בקאל,0.000035492132
חלבה,0.000056100467
דוקס,0.000074418988
קהימקר,0.000082433340
אביאל,0.000082433340
ארמון,0.000066404635
ג'ורנו,0.000037781947
אספרנסה,0.000073274080
אלנקוה,0.000029767595
רבניאן,0.000064114820
לידור,0.000044651392
חליווה,0.000097317138
נופר,0.000028622687
קלפר,0.000032057410
קורל,0.000032057410
אבדר,0.000069839358
גברא,0.000045796300
גנוט,0.000077853710
דוגה,0.000030912502
בונדה,0.000052665745
פרומן,0.000041216670
מנטל,0.000059535190
רדליך,0.000042361577
דברת,0.000038926855
דעדוש,0.000043506485
קרופ,0.000042361577
ונדר,0.000035492132
רוזוב,0.000089302785
ברסקי,0.000057245375
קהת,0.000051520837
פרימור,0.000065259727
שלייפר,0.000048086115
איגר,0.000036637040
שריאל,0.000064114820
פרופר,0.000052665745
גולדרייך,0.000034347225
אידן,0.000052665745
מץ,0.000057245375
חרר,0.000038926855
לוקסנבורג,0.000046941207
ברכר,0.000038926855
הרשטיק,0.000057245375
לוגר,0.000030912502
טבריה,0.000044651392
זאנו,0.000027477780
מוסלי,0.000028622687
ברו,0.000054955560
טנדלר,0.000050375930
אבולוף,0.000096172230
ברינה,0.000069839358
מדרי,0.000051520837
שכנר,0.000053810652
ברושי,0.000058390282
שיינקמן,0.000040071762
טופחי,0.000054955560
דץ,0.000034347225
היינה,0.000050375930
סבהט,0.000074418988
סיידה,0.000038926855
עותמי,0.000033202317
שילון,0.000062969912
סולימאן,0.000026332872
גברילוב,0.000072129173
משגב,0.000059535190
לסקר,0.000058390282
אלקנה,0.000036637040
קנת,0.000046941207
לורבר,0.000040071762
מעלומי,0.000062969912
רויטר,0.000073274080
רדאי,0.000043506485
לסקה,0.000041216670
לואיס,0.000072129173
דנקנר,0.000052665745
שמוחה,0.000038926855
זיסר,0.000066404635
שידלובסקי,0.000051520837
דודזון,0.000052665745
טביביאן,0.000129374548
אלמוזנינו,0.000061825005
נומה,0.000080143525
הרשברג,0.000087012970
יאסין,0.000030912502
אביוב,0.000051520837
בורגר,0.000034347225
צבעוני,0.000050375930
שויקי,0.000057245375
ריזל,0.000029767595
גורגי,0.000044651392
וסרצוג,0.000098462045
יאמין,0.000076708803
דנק,0.000048086115
עוליאל,0.000033202317
בסר,0.000064114820
אינדיג,0.000113345843
קין,0.000050375930
שמיע,0.000051520837
כרמונה,0.000089302785
טלאור,0.000084723155
כשכאש,0.000032057410
פנטה,0.000080143525
טהרני,0.000089302785
הראש,0.000052665745
שאולוף,0.000073274080
רבר,0.000028622687
יזראילוב,0.000044651392
נהוראי,0.000060680097
סטון,0.000058390282
אקוניס,0.000026332872
ותד,0.000027477780
זאדא,0.000052665745
אלגאוי,0.000033202317
בנג'י,0.000074418988
אורין,0.000052665745
רודוי,0.000028622687
גלעם,0.000038926855
חימי,0.000074418988
פרידלר,0.000062969912
דויטשמן,0.000041216670
קובני,0.000042361577
שאשה,0.000064114820
גרייפנר,0.000052665745
אגיב,0.000046941207
פריג',0.000056100467
אסטרוגנו,0.000053810652
דינרמן,0.000114490750
צאלח,0.000036637040
וקראט,0.000032057410
אוסלנדר,0.000041216670
טזזו,0.000081288433
מיכלאשוילי,0.000042361577
נגדי,0.000041216670
צרפי,0.000080143525
שימרון,0.000091592600
סינה,0.000049231022
סימן,0.000025187965
דקלו,0.000051520837
קרט,0.000075563895
למברג,0.000040071762
קניאל,0.000050375930
ורובל,0.000059535190
בושארי,0.000027477780
איטה,0.000041216670
משורר,0.000044651392
חנוני,0.000053810652
היזמי,0.000048086115
אוליבר,0.000053810652
קוזלובסקי,0.000029767595
ברורמן,0.000044651392
נודלר,0.000032057410
קליש,0.000025187965
סטרשנוב,0.000034347225
חוברס,0.000052665745
טרייסטר,0.000033202317
לסטר,0.000067549543
סקלר,0.000081288433
אומנסקי,0.000049231022
חסקי,0.000043506485
שרן,0.000030912502
רג'ואן,0.000032057410
פלטי,0.000037781947
אמונה,0.000056100467
עלמו,0.000033202317
יכין,0.000052665745
לידני,0.000053810652
סיאג,0.000035492132
יטיב,0.000033202317
סגמן,0.000030912502
זקצר,0.000037781947
לזמי,0.000056100467
רודה,0.000067549543
רואס,0.000036637040
בסין,0.000043506485
בוכבינדר,0.000045796300
דני,0.000029767595
מודחי,0.000050375930
דייאני,0.000077853710
מרקל,0.000058390282
שואפי,0.000040071762
מאירוביץ',0.000027477780
נחמו,0.000043506485
דולברג,0.000036637040
בלאס,0.000028622687
פיאמנטה,0.000045796300
שיימן,0.000064114820
ערמוני,0.000066404635
ביאלר,0.000038926855
הבה,0.000058390282
הוס,0.000112200935
ודעי,0.000059535190
דייטש,0.000029767595
שק,0.000070984265
פניגשטיין,0.000038926855
דניאלס,0.000061825005
ניימרק,0.000037781947
שטרנפלד,0.000049231022
קדושי,0.000046941207
ריימן,0.000050375930
קורנברג,0.000052665745
פייגין,0.000073274080
לויוף,0.000065259727
ארנסט,0.000040071762
גילעד,0.000043506485
קריספיל,0.000049231022
ענבים,0.000050375930
בנדיקט,0.000037781947
אלמז,0.000072129173
גזל,0.000052665745
קמפינסקי,0.000035492132
צחייק,0.000061825005
כזום,0.000036637040
רוזה,0.000060680097
זיסו,0.000056100467
סעדיאן,0.000038926855
אורטל,0.000036637040
ליאב,0.000070984265
טברסקי,0.000035492132
חנופה,0.000040071762
אודסר,0.000038926855
נעמת,0.000044651392
סולברג,0.000044651392
שטייניץ,0.000045796300
חננאל,0.000050375930
זוזוט,0.000061825005
מרש,0.000042361577
קריף,0.000040071762
סויונוב,0.000037781947
עמרוסי,0.000054955560
שטח,0.000042361577
מישלי,0.000042361577
קס,0.000038926855
קימל,0.000027477780
ווקסלר,0.000061825005
מטבייב,0.000045796300
פרידריך,0.000083578248
לאו,0.000048086115
מסר,0.000042361577
קמינצקי,0.000026332872
מדלסי,0.000037781947
בנאים,0.000034347225
ברנדמן,0.000057245375
אלפסה,0.000035492132
זימן,0.000092737508
אידל,0.000022898150
גומעה,0.000042361577
גמר,0.000035492132
מידד,0.000037781947
גריביאן,0.000040071762
רפאלוביץ,0.000061825005
רובינוביץ,0.000032057410
קחזם,0.000025187965
זיידל,0.000028622687
הנקין,0.000037781947
טורנר,0.000049231022
איילין,0.000048086115
אמרגי,0.000036637040
שחמון,0.000085868063
ברם,0.000040071762
פרסמן,0.000026332872
בלומשטיין,0.000058390282
רדא,0.000030912502
טריגר,0.000043506485
גרייבסקי,0.000042361577
גרוסברג,0.000032057410
מואב,0.000035492132
גרונדמן,0.000042361577
אמויל,0.000038926855
געש,0.000026332872
סידון,0.000049231022
סטולרסקי,0.000028622687
ברלב,0.000036637040
חכימיאן,0.000099606953
אמבאו,0.000064114820
צפני,0.000027477780
חיבה,0.000029767595
לזובסקי,0.000032057410
קפילוטו,0.000028622687
רמז,0.000051520837
ברנוי,0.000022898150
זיידנברג,0.000054955560
גרי,0.000030912502
טטרואשוילי,0.000033202317
קפלנסקי,0.000049231022
דאדון,0.000060680097
גליקסברג,0.000046941207
ברוכיאן,0.000096172230
אביגזר,0.000033202317
חליו,0.000038926855
שפירר,0.000042361577
סקס,0.000022898150
קוטיק,0.000042361577
קוריאל,0.000035492132
סונינו,0.000054955560
לאטי,0.000060680097
בנית,0.000043506485
שוייצר,0.000067549543
עצמוני,0.000024043057
קורסיה,0.000034347225
שלמייב,0.000042361577
נרדיה,0.000046941207
יחימוביץ,0.000030912502
עלמני,0.000042361577
מניס,0.000052665745
לנדר,0.000027477780
ישמח,0.000053810652
זנתי,0.000028622687
חמני,0.000029767595
אלישייב,0.000034347225
סלמאן,0.000034347225
נויגבורן,0.000020608335
שלמן,0.000020608335
קוסקס,0.000049231022
יוספאן,0.000033202317
אלבכרי,0.000032057410
עמיקם,0.000042361577
כיהלי,0.000028622687
אלרום,0.000042361577
גריל,0.000022898150
חרמש,0.000038926855
בלכמן,0.000030912502
נוני,0.000109911120
שבילי,0.000020608335
תכלת,0.000097317138
גכט,0.000043506485
פיסטינר,0.000044651392
קריצמן,0.000035492132
בלזם,0.000051520837
דודפור,0.000026332872
מטודי,0.000020608335
יוסקוביץ,0.000036637040
פודים,0.000041216670
פרחן,0.000040071762
פלישמן,0.000059535190
קונסטנטיני,0.000036637040
אזערי,0.000034347225
ביטר,0.000024043057
אלחדף,0.000050375930
בינג,0.000048086115
סאייג,0.000021753242
דורסמן,0.000057245375
מהגר,0.000050375930
גרנביץ,0.000066404635
נוגריאן,0.000025187965
ברשדסקי,0.000028622687
קרייזלר,0.000036637040
צימר,0.000027477780
גלייטמן,0.000058390282
מדאר,0.000025187965
וירצברגר,0.000032057410
דעי,0.000030912502
זאנה,0.000024043057
ליכטנברג,0.000048086115
סלטי,0.000040071762
טרספולסקי,0.000027477780
דעוס,0.000051520837
וולבוביץ,0.000096172230
קרמה,0.000041216670
כובשי,0.000036637040
זוכוביצקי,0.000042361577
סנדק,0.000046941207
קוטון,0.000046941207
באזוב,0.000028622687
פוטרמן,0.000051520837
דרוויש,0.000025187965
רכטמן,0.000037781947
מזושן,0.000035492132
בוטראשוילי,0.000035492132
פס,0.000032057410
ברינקר,0.000027477780
סבתי,0.000074418988
גטהון,0.000044651392
רודן,0.000021753242
אוקון,0.000036637040
אוברמן,0.000113345843
קרוק,0.000045796300
אוביץ,0.000025187965
אלקן,0.000056100467
אגרנט,0.000026332872
חונן,0.000058390282
קידרון,0.000042361577
עפגין,0.000042361577
איליה,0.000036637040
ג'אנה,0.000036637040
דורה,0.000051520837
בוקעי,0.000070984265
קיקוס,0.000027477780
עמשלום,0.000066404635
סופרי,0.000058390282
טגניה,0.000051520837
פנדו,0.000037781947
ג'ורג'י,0.000048086115
מאמן,0.000034347225
ריקלין,0.000033202317
קראדי,0.000037781947
פייר,0.000042361577
פסטר,0.000035492132
מידני,0.000033202317
פכטר,0.000037781947
שאזו,0.000051520837
רבינא,0.000025187965
אמין,0.000030912502
בונפיל,0.000075563895
פרסר,0.000083578248
לברון,0.000049231022
ארי,0.000035492132
נואמה,0.000100751860
נוימרק,0.000024043057
פוליאק,0.000051520837
איתם,0.000074418988
איאש,0.000052665745
אמודאי,0.000026332872
ידלין,0.000028622687
סנפיר,0.000026332872
שיאחי,0.000061825005
מוצניק,0.000033202317
שימן,0.000022898150
סהלו,0.000075563895
רקובסקי,0.000069839358
גולדיאן,0.000070984265
לסר,0.000036637040
אוברלנדר,0.000038926855
נמרוד,0.000032057410
היילברון,0.000048086115
הרמבם,0.000043506485
מישון,0.000032057410
שמן,0.000042361577
לוקר,0.000026332872
דונסקי,0.000029767595
כתבי,0.000026332872
לקר,0.000040071762
פורשטט,0.000049231022
פלדי,0.000025187965
ברום,0.000064114820
מטטוב,0.000053810652
רץ,0.000057245375
דוניצה,0.000062969912
רדיאן,0.000038926855
גורודיסקי,0.000029767595
טקה,0.000082433340
פטמן,0.000058390282
עברו,0.000093882415
אודי,0.000080143525
ברוט,0.000060680097
דייגי,0.000022898150
גודר,0.000033202317
סטמפלר,0.000033202317
חושינסקי,0.000021753242
גילאון,0.000042361577
לידר,0.000037781947
בורדה,0.000034347225
אלנקווה,0.000024043057
קדוסי,0.000029767595
ארבילי,0.000037781947
מיזל,0.000065259727
שמואלביץ,0.000033202317
דיאב,0.000020608335
קיפניס,0.000060680097
אביזמיל,0.000043506485
טוכמן,0.000033202317
רינות,0.000043506485
פתחי,0.000033202317
הורוויץ,0.000026332872
גולדשלגר,0.000030912502
חוטה,0.000080143525
מונד,0.000035492132
עתיר,0.000030912502
סלאם,0.000038926855
גולצמן,0.000027477780
מלי,0.000022898150
בלסיאנו,0.000034347225
שהבזי,0.000046941207
מושקט,0.000029767595
לן,0.000029767595
יוספן,0.000064114820
לויפר,0.000075563895
קשרי,0.000030912502
ונקרט,0.000032057410
גאן,0.000022898150
בנד,0.000026332872
שטרנליכט,0.000030912502
פירר,0.000044651392
בניש,0.000025187965
פרידל,0.000024043057
דאודי,0.000036637040
גלט,0.000054955560
מקובר,0.000034347225
צחורי,0.000025187965
חוטובלי,0.000058390282
דינו,0.000069839358
אוזון,0.000020608335
מקוב,0.000040071762
סולימאני,0.000041216670
ביינה,0.000042361577
חבשה,0.000027477780
פרן,0.000032057410
נדם,0.000026332872
טבו,0.000024043057
עוגן,0.000053810652
דוייב,0.000029767595
בורר,0.000040071762
בןעמי,0.000049231022
הלון,0.000033202317
לויה,0.000036637040
מלק,0.000042361577
שמביק,0.000075563895
איתמר,0.000025187965
אנגלמן,0.000033202317
קמארה,0.000092737508
לאוב,0.000059535190
פיזם,0.000041216670
מלקר,0.000091592600
רמי,0.000027477780
קלאוזנר,0.000024043057
טופר,0.000043506485
ארונוביץ,0.000032057410
פרידנברג,0.000038926855
סובעי,0.000051520837
רועי,0.000050375930
פינקלמן,0.000021753242
בוגין,0.000041216670
צינמן,0.000026332872
ברטשניידר,0.000064114820
שלאל,0.000045796300
גרמי,0.000020608335
וילינגר,0.000091592600
גלאובר,0.000035492132
דוראני,0.000028622687
טאו,0.000037781947
טיקוצקי,0.000044651392
מורדו,0.000036637040
גריאני,0.000025187965
בוקי,0.000043506485
דואיב,0.000058390282
ליבני,0.000035492132
ביליה,0.000083578248
סוקולוב,0.000020608335
קוריס,0.000034347225
מתתיה,0.000059535190
וויל,0.000053810652
ברוס,0.000033202317
טרבולסקי,0.000046941207
אלחייני,0.000022898150
פרדס,0.000027477780
אביגל,0.000107621305
גוטשטיין,0.000053810652
קופ,0.000042361577
שריף,0.000032057410
אמתי,0.000067549543
סמית,0.000035492132
שטרום,0.000041216670
קמה,0.000026332872
גורלי,0.000033202317
חמיש,0.000040071762
רטיג,0.000024043057
אוסדון,0.000050375930
בלאסן,0.000020608335
סורין,0.000056100467
גני,0.000020608335
בלייך,0.000029767595
מנדלבוים,0.000029767595
איזנר,0.000067549543
שמגר,0.000028622687
קלאורה,0.000135099086
פליס,0.000034347225
גוב,0.000025187965
ברנפלד,0.000021753242
סרפיאן,0.000073274080
ברומברג,0.000049231022
פוליקר,0.000046941207
חרס,0.000020608335
קשאני,0.000037781947
לוייב,0.000041216670
ארנטל,0.000083578248
צ'רני,0.000046941207
מיכלוביץ,0.000033202317
ספדי,0.000033202317
פרדה,0.000048086115
לינד,0.000029767595
קובל,0.000037781947
זגגי,0.000033202317
בליצקי,0.000040071762
מגר,0.000050375930
הנר,0.000040071762
רף,0.000045796300
בוזנח,0.000043506485
מהודר,0.000033202317
בטיט,0.000033202317
אלנבוגן,0.000032057410
שמבי,0.000021753242
חמאוי,0.000022898150
בשור,0.000058390282
אלגרסי,0.000038926855
טויסטר,0.000048086115
שימונוב,0.000044651392
אטלן,0.000053810652
גינצבורג,0.000034347225
כאלי,0.000045796300
בוכובזה,0.000048086115
פינץ,0.000074418988
גינדי,0.000053810652
ורדיגר,0.000073274080
שורני,0.000026332872
דאנה,0.000065259727
נגה,0.000042361577
יסחקוב,0.000044651392
סמדגה,0.000020608335
פלור,0.000069839358
אלמוזלינו,0.000040071762
אלייב,0.000025187965
אנוש,0.000024043057
מהרטו,0.000064114820
זוננשיין,0.000019463427
סקרה,0.000026332872
גוטר,0.000065259727
סרף,0.000028622687
גדג',0.000042361577
נפתלוביץ,0.000046941207
גוטהלף,0.000052665745
אלחדיף,0.000032057410
נאטור,0.000024043057
קרקוקלי,0.000033202317
דואר,0.000045796300
לימון,0.000038926855
וילנאי,0.000036637040
ורולקר,0.000044651392
קולטקר,0.000132809271
נץ,0.000033202317
חלבני,0.000034347225
גוליאן,0.000053810652
טייץ,0.000072129173
דומני,0.000037781947
חראץ,0.000027477780
איסן,0.000032057410
הלאלי,0.000049231022
אגוז,0.000034347225
בנארי,0.000085868063
נפרין,0.000033202317
דגול,0.000037781947
דים,0.000045796300
אזואלוס,0.000033202317
פינשטיין,0.000028622687
לנצנר,0.000044651392
חופי,0.000022898150
חלוצי,0.000062969912
פיזנטי,0.000049231022
בלקין,0.000030912502
רוחם,0.000058390282
איסחקוב,0.000036637040
טמסוט,0.000027477780
צינס,0.000022898150
חזיז,0.000040071762
מסלטי,0.000038926855
ריטר,0.000053810652
רנרט,0.000035492132
לוינטל,0.000024043057
פפו,0.000033202317
הרמלין,0.000035492132
עזרי,0.000029767595
צמיר,0.000033202317
גיטלמן,0.000052665745
תקוה,0.000035492132
פירון,0.000034347225
סמון,0.000061825005
קסל,0.000027477780
פרתוק,0.000046941207
סמרלי,0.000095027323
דאלי,0.000050375930
באני,0.000029767595
רוטנשטיין,0.000036637040
גזולי,0.000058390282
גהסי,0.000035492132
לרדו,0.000058390282
פתיחה,0.000033202317
מנדלאוי,0.000099606953
אלפרון,0.000074418988
נובוגרוצקי,0.000034347225
נחתומי,0.000040071762
סספורטס,0.000127084733
צפרירי,0.000030912502
אנגלרד,0.000040071762
מנצר,0.000056100467
קשתי,0.000037781947
טרגן,0.000029767595
גרשמן,0.000027477780
לקסר,0.000042361577
נוח,0.000061825005
קולמן,0.000028622687
חיוני,0.000043506485
ברשי,0.000044651392
ארדמן,0.000064114820
סנפירי,0.000024043057
ישפה,0.000046941207
נייגר,0.000030912502
פוקסמן,0.000025187965
סוזנה,0.000045796300
גוהרי,0.000058390282
אליאל,0.000048086115
איסק,0.000030912502
גרופר,0.000035492132
סורקין,0.000045796300
מונסנגו,0.000025187965
ציונוב,0.000042361577
איבצן,0.000025187965
לדני,0.000036637040
מיכל,0.000073274080
טרבס,0.000049231022
היילו,0.000024043057
אושרוב,0.000101896768
דואן,0.000034347225
נקב,0.000050375930
יגור,0.000024043057
ברי,0.000065259727
משמוש,0.000052665745
ארנרייך,0.000026332872
סתוי,0.000044651392
ארנשטיין,0.000036637040
אייזלר,0.000067549543
שנורמן,0.000052665745
בוקשפן,0.000074418988
איון,0.000034347225
קסטנר,0.000026332872
ז'ק,0.000029767595
אייש,0.000108766213
טחלוב,0.000060680097
מיכאלוביץ,0.000026332872
רבוח,0.000077853710
קומר,0.000026332872
אלנקרי,0.000050375930
רדר,0.000022898150
ינוקא,0.000050375930
שיקלר,0.000036637040
פאלוך,0.000048086115
פשיטיצקי,0.000058390282
אינגבר,0.000028622687
סוקולובר,0.000048086115
פכט,0.000061825005
קלוגמן,0.000022898150
טואף,0.000048086115
סוסי,0.000041216670
קוניק,0.000025187965
קוטר,0.000060680097
ליבסטר,0.000020608335
קנטרוביץ,0.000027477780
קלעי,0.000065259727
צביון,0.000036637040
דגה,0.000066404635
טורקיה,0.000066404635
חקשור,0.000043506485
קרופרו,0.000024043057
קרנץ,0.000067549543
דוכובני,0.000032057410
סונסינו,0.000042361577
דייסי,0.000025187965
קהן,0.000049231022
עלי,0.000034347225
מלחם,0.000019463427
באומן,0.000042361577
שוויצר,0.000048086115
קור,0.000026332872
רייכנברג,0.000029767595
זפט,0.000028622687
ינוביץ,0.000044651392
ביכלר,0.000033202317
לבנטל,0.000049231022
רייכרט,0.000032057410
קוצ'ינסקי,0.000035492132
חברון,0.000052665745
קוטנר,0.000028622687
ג'דה,0.000034347225
איפרח,0.000032057410
פרסיקו,0.000043506485
יטח,0.000050375930
חג'ג,0.000041216670
מוריס,0.000029767595
גדבאן,0.000024043057
יוטבת,0.000062969912
טייטלבוים,0.000040071762
סבירסקי,0.000028622687
קסורלה,0.000050375930
סורני,0.000033202317
סמואלס,0.000066404635
עזאר,0.000059535190
חלי,0.000043506485
יציב,0.000028622687
ילאו,0.000040071762
ליטבינוב,0.000037781947
אבטליון,0.000041216670
מרגל,0.000041216670
פינצוק,0.000026332872
אלקבס,0.000050375930
גוז,0.000058390282
רביץ,0.000035492132
גרסיאני,0.000028622687
וינפלד,0.000030912502
לנדא,0.000035492132
אלשטיין,0.000025187965
האוזר,0.000037781947
מורגנשטיין,0.000030912502
ששה,0.000035492132
ורטש,0.000026332872
מובדלי,0.000059535190
חזני,0.000022898150
ארגז,0.000036637040
אסדו,0.000027477780
דבאח,0.000046941207
פלקוביץ,0.000027477780
